recipe,temp_C,zmin@cycle9_nm,h1@cycle3_nm,h1@cycle5_nm,h1@cycle9_nm,d1@cycle3_nm,d1@cycle5_nm,d1@cycle9_nm,w@cycle1_nm,w@cycle3_nm,w@cycle5_nm,w@cycle9_nm
B113,-20,2055.20263671875,187.03509521484375,178.44003295898438,220.58670043945312,44.1639404296875,32.69170379638672,15.810126304626465,355.4002990722656,341.3688049316406,334.0663146972656,294.53265380859375
B114,-20,2461.031005859375,225.0779571533203,204.25982666015625,264.79779052734375,42.26289749145508,29.072248458862305,14.374671936035156,353.5164489746094,336.40740966796875,328.683837890625,284.0982971191406
B116,-20,2662.343017578125,240.915283203125,215.04550170898438,265.35601806640625,48.77434539794922,33.37442398071289,14.628125190734863,374.3006591796875,357.9035949707031,349.86773681640625,318.6412048339844
B117,-20,3338.34619140625,346.1451416015625,279.6518859863281,380.3930969238281,99.26469421386719,66.8868408203125,41.81268310546875,573.4489135742188,540.2948608398438,525.8226928710938,525.7633666992188
B118,-20,4154.59423828125,437.6174621582031,334.1593322753906,438.5287170410156,135.56283569335938,93.67980194091797,62.70291519165039,630.8328857421875,603.4361572265625,583.18115234375,612.2021484375
B119,-20,3727.955810546875,34.89299011230469,82.11373901367188,93.71876525878906,124.24185180664062,90.9532699584961,49.79793167114258,602.3241577148438,588.3076171875,575.9469604492188,556.1323852539062
B123,-10,2024.8175048828125,175.87277221679688,169.63819885253906,214.8182373046875,46.18603515625,33.984046936035156,17.560203552246094,342.1145935058594,327.57305908203125,320.849609375,276.3597412109375
B124,-10,2011.718017578125,175.9772186279297,168.0905303955078,213.33673095703125,44.01585388183594,33.03831100463867,17.08086395263672,343.9866027832031,327.3753662109375,319.57513427734375,273.1905517578125
B125,-10,2321.048583984375,224.92758178710938,192.5651397705078,233.7698516845703,36.52958679199219,28.904199600219727,15.936464309692383,302.87225341796875,286.3854064941406,278.70458984375,225.52159118652344
B126,-10,2555.644287109375,234.52784729003906,208.60594177246094,272.1424560546875,47.088809967041016,31.27428436279297,14.564687728881836,365.2247009277344,347.20074462890625,339.05145263671875,302.4247741699219
B127,-10,3138.6572265625,334.0777893066406,269.0281982421875,366.67950439453125,86.9307632446289,60.38056564331055,38.291648864746094,520.4431762695312,487.7808837890625,471.1767883300781,481.6103515625
B128,-10,4111.9169921875,430.6566467285156,331.8006896972656,438.96966552734375,125.22183227539062,85.98827362060547,58.74164962768555,628.8184814453125,588.8621215820312,565.2192993164062,599.5247802734375
B132,-10,1931.4853515625,168.29269409179688,165.41879272460938,201.70181274414062,39.906925201416016,30.394134521484375,15.437331199645996,324.2941589355469,309.5267333984375,300.494384765625,248.85076904296875
B134,-10,2560.832763671875,222.73410034179688,205.18797302246094,253.39364624023438,54.28455352783203,37.9878044128418,16.835718154907227,369.9456787109375,351.1708679199219,341.7869873046875,304.2622985839844
B135,-10,3107.781005859375,380.8112487792969,270.39215087890625,323.82940673828125,47.80522918701172,57.59385681152344,37.84988784790039,514.8766479492188,463.1416931152344,432.9219970703125,417.87469482421875
B136,-10,2971.90869140625,39.5560417175293,96.17811584472656,95.98397064208984,86.97203826904297,64.3434066772461,40.09951400756836,532.2726440429688,513.3989868164062,503.30413818359375,466.7364501953125
B137,-10,3861.259033203125,473.0574951171875,329.1329650878906,374.96221923828125,98.07072448730469,85.31318664550781,56.5384635925293,680.4270629882812,639.5406494140625,597.2911376953125,570.0093383789062
B138,-10,4130.7412109375,458.0317687988281,337.8829345703125,419.03387451171875,103.0478744506836,73.87158203125,52.14187240600586,640.453125,565.7647094726562,533.702880859375,543.2985229492188
B143,0,2049.155029296875,174.9897918701172,172.99807739257812,208.1814422607422,44.58820724487305,33.07064437866211,15.334043502807617,341.6492614746094,328.65594482421875,321.02215576171875,272.79425048828125
B144,0,1743.7188720703125,143.11459350585938,147.60601806640625,179.7766571044922,33.73649597167969,27.982946395874023,15.867225646972656,273.5628967285156,252.98452758789062,251.90350341796875,207.94186401367188
B151,-20,3336.90966796875,366.04937744140625,289.8057861328125,345.7683410644531,120.11201477050781,84.13174438476562,51.56113815307617,621.7235717773438,599.8359985351562,570.0751342773438,560.863037109375
B166,-10,3335.910400390625,336.4251708984375,267.5083923339844,332.2817077636719,44.51474380493164,33.15084457397461,17.57280921936035,377.71295166015625,336.7240905761719,323.33282470703125,269.3117980957031
B168,-10,2395.9091796875,235.026611328125,210.00863647460938,286.4281311035156,63.903377532958984,45.64258575439453,27.106706619262695,428.92144775390625,410.51934814453125,402.3505554199219,386.3961486816406
B169,-10,2220.560791015625,207.3527069091797,190.12860107421875,255.8555908203125,55.235538482666016,42.191001892089844,25.038799285888672,396.88311767578125,377.3444519042969,367.1137390136719,341.1406555175781
B170,-10,2229.795654296875,206.7239227294922,188.42910766601562,257.2366638183594,52.83867263793945,39.527854919433594,23.951589584350586,380.6665344238281,363.83050537109375,354.7838439941406,324.68927001953125
B171,-10,1764.1719970703125,153.4486083984375,152.7288818359375,182.11856079101562,46.057640075683594,35.83184814453125,19.886070251464844,344.1588439941406,330.2735595703125,322.4638977050781,275.6024475097656
B173,-10,2096.673828125,195.81883239746094,183.242431640625,247.51718139648438,48.73324203491211,36.91279983520508,20.868370056152344,379.23748779296875,363.75152587890625,355.64288330078125,327.3267517089844
B174,-10,1639.014404296875,139.95516967773438,145.87539672851562,169.71763610839844,34.281288146972656,30.428058624267578,18.213552474975586,279.656005859375,259.92828369140625,258.3851318359375,213.64688110351562
B176,-10,3484.845703125,361.92742919921875,286.7958984375,386.5878601074219,104.36455535888672,69.50399017333984,44.77369689941406,572.0101318359375,524.3298950195312,513.6971435546875,520.9869384765625
B177,-10,3173.938232421875,322.69879150390625,265.9589538574219,364.2577819824219,89.53343963623047,63.684574127197266,35.47488021850586,517.9246826171875,478.2962646484375,475.98529052734375,472.23211669921875
B178,-10,4157.66748046875,468.20880126953125,340.41705322265625,415.11444091796875,83.39859771728516,77.58824157714844,58.55979919433594,662.327880859375,596.1986694335938,564.3706665039062,587.8878784179688
B180,-10,3508.0947265625,379.45361328125,303.00616455078125,365.2480163574219,144.83421325683594,105.57666778564453,67.31011199951172,625.3145751953125,619.1259155273438,595.1934204101562,586.2880859375
B181,-10,3188.599365234375,339.1702880859375,271.7064514160156,335.28033447265625,108.59486389160156,76.83792114257812,50.86663818359375,548.9774780273438,516.9583740234375,497.27044677734375,495.2884216308594
B182,-10,2592.636962890625,339.4380187988281,224.0513153076172,253.2876434326172,32.580963134765625,48.9030876159668,34.701778411865234,469.5495910644531,409.5666198730469,376.0340576171875,318.2062072753906
B183,-10,2286.07177734375,226.60899353027344,205.32412719726562,244.7638702392578,69.59024810791016,52.26766586303711,30.977495193481445,461.3045959472656,448.6557922363281,432.291748046875,401.7406921386719
B184,-10,4076.84228515625,464.2586364746094,343.7095947265625,439.5768127441406,107.03634643554688,85.09568786621094,58.632591247558594,666.6682739257812,625.1192626953125,597.3372192382812,625.1681518554688
B185,-10,4068.250732421875,455.223388671875,348.13031005859375,458.8582763671875,159.88417053222656,102.79744720458984,68.71736907958984,675.893310546875,650.0462036132812,628.0054931640625,654.3878784179688
B186,-10,3447.442626953125,403.11669921875,296.9898681640625,338.1600036621094,80.74876403808594,63.30268096923828,43.126590728759766,571.509033203125,499.45062255859375,476.4964904785156,457.0575866699219
B187,-10,3970.551513671875,81.78060913085938,144.99276733398438,125.02932739257812,96.80221557617188,70.12271881103516,48.12728500366211,647.5939331054688,612.9889526367188,570.753662109375,558.6516723632812
B188,-10,3496.07080078125,162.49510192871094,214.74423217773438,231.6754150390625,115.91800689697266,81.04602813720703,59.234130859375,613.9654541015625,587.5516967773438,565.1893310546875,558.1607666015625
B189,-10,4192.0615234375,453.12249755859375,346.1793212890625,447.6580505371094,144.02789306640625,99.83031463623047,72.87470245361328,655.4116821289062,622.8917846679688,599.790283203125,629.8595581054688
B190,-10,3883.505859375,463.27008056640625,329.2796630859375,354.71490478515625,71.03981018066406,67.10417938232422,55.426692962646484,663.6806640625,579.42724609375,544.1273803710938,525.3229370117188
B191,-10,3771.523681640625,403.37628173828125,349.8390808105469,427.73248291015625,123.04476928710938,95.10651397705078,73.50656127929688,653.4532470703125,650.767578125,623.1563110351562,631.5488891601562
B192,-10,3778.1513671875,470.4277648925781,360.8701171875,477.9000244140625,157.63766479492188,112.54354095458984,84.84656524658203,654.8724975585938,635.9279174804688,618.2171020507812,652.7393188476562
B193,-10,4003.08984375,455.3238220214844,340.9398193359375,382.3969421386719,104.68588256835938,77.17485809326172,59.91981506347656,680.1766967773438,627.0562744140625,589.0558471679688,593.0361328125
B194,-10,3164.376708984375,95.12521362304688,158.7705078125,157.451416015625,101.19722747802734,73.07817077636719,50.76976013183594,591.9948120117188,569.8880004882812,554.8130493164062,540.211181640625
B195,-10,2726.858154296875,160.0282440185547,226.00880432128906,237.48165893554688,40.13587951660156,37.97297286987305,27.60527229309082,474.1689147949219,400.32379150390625,373.1972351074219,303.7264404296875
B196,-10,3594.11572265625,285.0484924316406,307.9317321777344,375.635498046875,117.64672088623047,92.85816192626953,74.80574035644531,644.6156616210938,642.2427978515625,625.0227661132812,637.715576171875
B197,-10,3933.63623046875,216.86968994140625,301.94866943359375,313.6360778808594,135.94349670410156,88.68344116210938,63.6671257019043,655.1286010742188,614.164306640625,593.7398071289062,609.2525634765625
B198,-10,3015.651611328125,300.8638610839844,247.6110076904297,340.0858459472656,72.29590606689453,52.30255889892578,28.48808479309082,454.9017639160156,429.9716491699219,421.84405517578125,408.64666748046875
B199,-10,3593.577880859375,93.5948486328125,135.46780395507812,177.96450805664062,161.84625244140625,126.23192596435547,102.99471282958984,650.60400390625,644.8078002929688,631.946533203125,647.7672119140625
B200,-10,3072.381103515625,323.0956115722656,261.5159606933594,345.6915283203125,86.66588592529297,60.86420822143555,39.71919250488281,513.1648559570312,481.56353759765625,464.9753723144531,466.4912414550781
B201,-10,3004.86279296875,314.90972900390625,260.8327331542969,267.6402282714844,45.18227005004883,39.71108627319336,30.13078498840332,448.0750427246094,411.4828186035156,396.4320373535156,360.4723815917969
B202,-10,3783.166015625,393.91802978515625,308.8310241699219,406.34674072265625,118.07611846923828,79.06134796142578,52.52787780761719,590.6728515625,553.119384765625,535.296630859375,556.1427612304688
B203,-10,3858.8359375,410.4299621582031,316.2159118652344,389.1636657714844,120.61045837402344,83.92103576660156,58.818302154541016,618.3010864257812,568.2334594726562,535.4644165039062,539.5264892578125
B204,-10,3815.948486328125,393.3246765136719,307.70269775390625,409.0386047363281,108.1565170288086,73.05305480957031,48.64744567871094,590.0341186523438,550.080322265625,530.0756225585938,553.9380493164062
B205,-10,1719.3807373046875,151.11697387695312,153.7417755126953,184.24777221679688,42.13224411010742,35.23712921142578,20.696338653564453,323.383056640625,304.51177978515625,290.29541015625,232.60435485839844
B206,-10,2294.37255859375,250.6298370361328,218.16246032714844,235.97518920898438,53.79335021972656,43.368839263916016,30.274953842163086,397.65716552734375,372.64556884765625,357.0418395996094,305.7577209472656
B207,-10,2787.0693359375,286.783935546875,240.8237762451172,321.5657043457031,80.26525115966797,57.42554473876953,37.2631950378418,481.04986572265625,458.1158142089844,444.2450256347656,439.29296875
B208,-10,2650.6455078125,361.8816223144531,227.43397521972656,256.06951904296875,32.537235260009766,53.09644317626953,35.73371124267578,462.3896789550781,404.9608459472656,370.6924133300781,313.31787109375
B209,-10,2990.872802734375,313.8266296386719,255.2882080078125,337.9941711425781,88.28695678710938,61.95795440673828,38.34054183959961,498.6484069824219,463.15057373046875,445.85791015625,437.6030578613281
B210,-10,2923.2734375,301.83795166015625,248.77102661132812,334.5526123046875,82.4986343383789,57.51765441894531,37.082244873046875,491.11737060546875,462.0959167480469,445.2702331542969,442.4776306152344
B211,-10,2293.494384765625,262.2550048828125,201.230224609375,249.93943786621094,41.272987365722656,44.81838607788086,27.4675235748291,404.56591796875,373.4114990234375,354.0129699707031,316.56292724609375
B212,-10,3663.542236328125,379.74798583984375,299.814208984375,402.1003112792969,107.71569061279297,72.72395324707031,48.74713897705078,585.1865844726562,550.6924438476562,534.5353393554688,556.5919799804688
B213,-10,2670.570068359375,273.78570556640625,231.7526092529297,312.32745361328125,78.21189880371094,55.8204345703125,34.76931381225586,475.8527526855469,453.5148010253906,438.7967529296875,433.5347900390625
B214,-10,2548.984619140625,254.74766540527344,218.08485412597656,284.3220520019531,70.61647033691406,50.92222213745117,31.85642433166504,440.4974365234375,416.78802490234375,401.505615234375,381.8003234863281
B215,-10,3477.502197265625,373.03631591796875,296.82562255859375,380.2280578613281,83.78047180175781,61.865936279296875,43.833229064941406,495.1290588378906,469.14361572265625,464.1732482910156,462.5094299316406
B216,-10,2274.84326171875,228.32164001464844,203.95005798339844,275.6794128417969,58.372554779052734,43.140281677246094,26.548173904418945,425.70611572265625,404.8790588378906,394.6125793457031,378.6411437988281
B217,-10,3540.28369140625,379.7596740722656,299.35137939453125,357.7401428222656,127.25931549072266,91.10436248779297,61.74146270751953,594.7796020507812,563.763427734375,533.55078125,526.093994140625
B218,-10,2475.67138671875,345.3089599609375,213.97705078125,242.87713623046875,32.22502899169922,48.85842514038086,30.866357803344727,421.97296142578125,375.8900451660156,349.2154846191406,302.2268981933594
B219,-10,3073.550048828125,347.7520751953125,263.28192138671875,310.6904296875,76.8814697265625,72.2374038696289,46.6058464050293,538.2929077148438,503.428466796875,477.64813232421875,462.9842529296875
B220,-10,3262.45703125,364.8121337890625,270.92181396484375,318.3309631347656,65.2308349609375,65.35890197753906,40.834075927734375,513.1445922851562,462.4686584472656,430.60284423828125,401.96954345703125
B221,-10,3017.950927734375,332.6519775390625,269.9434509277344,347.00421142578125,69.87971496582031,53.59843444824219,35.628631591796875,460.1896667480469,440.1305236816406,431.5074157714844,420.2985534667969
B222,-10,3743.75927734375,382.8006591796875,297.5634765625,401.7011413574219,108.24505615234375,72.18363189697266,46.98908233642578,570.40185546875,531.8449096679688,520.3228149414062,542.3736572265625
B223,-10,3880.986572265625,398.6583557128906,310.5558166503906,420.6324157714844,113.50345611572266,75.58480834960938,48.69490051269531,605.756591796875,556.8186645507812,541.5358276367188,572.0453491210938
B224,-10,3298.72021484375,364.4009094238281,286.41497802734375,330.9268798828125,111.29618835449219,80.29489135742188,53.71514129638672,568.0817260742188,526.0709228515625,492.4158020019531,470.0212097167969
B225,-10,2830.341064453125,304.7988586425781,251.7577362060547,331.2362365722656,68.35694885253906,52.18675231933594,34.37871551513672,439.9104919433594,426.71484375,421.48431396484375,411.5005187988281
B226,-10,3258.638427734375,363.9814453125,275.3989562988281,319.22393798828125,75.7820816040039,68.82927703857422,44.00676727294922,525.7531127929688,481.3982238769531,451.3625793457031,431.2667541503906
B227,-10,3425.970458984375,354.4410705566406,284.993408203125,375.4875183105469,113.9391860961914,77.53437042236328,51.50251770019531,562.5025024414062,524.7247924804688,509.9239807128906,520.0928344726562
B228,-10,3249.112548828125,334.5107421875,268.4012756347656,361.0414733886719,94.15741729736328,64.57604217529297,41.92414093017578,523.83837890625,492.9273986816406,474.9045104980469,478.1685485839844
B229,-10,4103.74365234375,431.9317321777344,329.67327880859375,440.94122314453125,130.96206665039062,87.34632873535156,55.724979400634766,633.360595703125,604.262939453125,584.6240234375,615.5928344726562
