recipe,temp_C,family,cycle,cycle_value,pred_nm
B113,-20,zmin,1,1.0,0.0
B113,-20,zmin,2,2.0,0.0
B113,-20,zmin,3,3.0,0.0
B113,-20,zmin,4,4.0,0.0
B113,-20,zmin,5,5.0,0.0
B113,-20,zmin,6,6.0,0.0
B113,-20,zmin,7,7.0,0.0
B113,-20,zmin,8,8.0,10.95546817779541
B113,-20,zmin,9,9.0,2055.20263671875
B114,-20,zmin,1,1.0,0.0
B114,-20,zmin,2,2.0,0.0
B114,-20,zmin,3,3.0,0.0
B114,-20,zmin,4,4.0,0.0
B114,-20,zmin,5,5.0,0.5835592746734619
B114,-20,zmin,6,6.0,254.59632873535156
B114,-20,zmin,7,7.0,498.268310546875
B114,-20,zmin,8,8.0,731.05810546875
B114,-20,zmin,9,9.0,2461.031005859375
B116,-20,zmin,1,1.0,0.0
B116,-20,zmin,2,2.0,0.0
B116,-20,zmin,3,3.0,0.0
B116,-20,zmin,4,4.0,0.0
B116,-20,zmin,5,5.0,244.9424591064453
B116,-20,zmin,6,6.0,536.4461059570312
B116,-20,zmin,7,7.0,811.2040405273438
B116,-20,zmin,8,8.0,1078.633544921875
B116,-20,zmin,9,9.0,2662.343017578125
B117,-20,zmin,1,1.0,0.0
B117,-20,zmin,2,2.0,0.0
B117,-20,zmin,3,3.0,228.32748413085938
B117,-20,zmin,4,4.0,707.3109130859375
B117,-20,zmin,5,5.0,1163.8282470703125
B117,-20,zmin,6,6.0,1559.1435546875
B117,-20,zmin,7,7.0,1928.7852783203125
B117,-20,zmin,8,8.0,2286.07763671875
B117,-20,zmin,9,9.0,3338.34619140625
B118,-20,zmin,1,1.0,0.0
B118,-20,zmin,2,2.0,183.5752410888672
B118,-20,zmin,3,3.0,898.6243286132812
B118,-20,zmin,4,4.0,1516.9420166015625
B118,-20,zmin,5,5.0,2109.582275390625
B118,-20,zmin,6,6.0,2666.110107421875
B118,-20,zmin,7,7.0,3193.80908203125
B118,-20,zmin,8,8.0,3762.489990234375
B118,-20,zmin,9,9.0,4154.59423828125
B119,-20,zmin,1,1.0,0.0
B119,-20,zmin,2,2.0,386.91943359375
B119,-20,zmin,3,3.0,970.8027954101562
B119,-20,zmin,4,4.0,1428.4598388671875
B119,-20,zmin,5,5.0,1889.9405517578125
B119,-20,zmin,6,6.0,2295.0869140625
B119,-20,zmin,7,7.0,2679.876953125
B119,-20,zmin,8,8.0,3039.727294921875
B119,-20,zmin,9,9.0,3727.955810546875
B123,-10,zmin,1,1.0,0.0
B123,-10,zmin,2,2.0,0.0
B123,-10,zmin,3,3.0,0.0
B123,-10,zmin,4,4.0,0.0
B123,-10,zmin,5,5.0,0.0
B123,-10,zmin,6,6.0,0.0
B123,-10,zmin,7,7.0,0.0
B123,-10,zmin,8,8.0,0.0
B123,-10,zmin,9,9.0,2024.8175048828125
B124,-10,zmin,1,1.0,0.0
B124,-10,zmin,2,2.0,0.0
B124,-10,zmin,3,3.0,0.0
B124,-10,zmin,4,4.0,0.0
B124,-10,zmin,5,5.0,0.0
B124,-10,zmin,6,6.0,0.0
B124,-10,zmin,7,7.0,0.0
B124,-10,zmin,8,8.0,0.0
B124,-10,zmin,9,9.0,2011.718017578125
B125,-10,zmin,1,1.0,0.0
B125,-10,zmin,2,2.0,0.0
B125,-10,zmin,3,3.0,0.0
B125,-10,zmin,4,4.0,0.0
B125,-10,zmin,5,5.0,0.0
B125,-10,zmin,6,6.0,58.5914421081543
B125,-10,zmin,7,7.0,277.05389404296875
B125,-10,zmin,8,8.0,485.314208984375
B125,-10,zmin,9,9.0,2321.048583984375
B126,-10,zmin,1,1.0,0.0
B126,-10,zmin,2,2.0,0.0
B126,-10,zmin,3,3.0,0.0
B126,-10,zmin,4,4.0,0.0
B126,-10,zmin,5,5.0,113.35249328613281
B126,-10,zmin,6,6.0,384.76373291015625
B126,-10,zmin,7,7.0,644.3101196289062
B126,-10,zmin,8,8.0,891.9775390625
B126,-10,zmin,9,9.0,2555.644287109375
B127,-10,zmin,1,1.0,0.0
B127,-10,zmin,2,2.0,0.0
B127,-10,zmin,3,3.0,5.3366570472717285
B127,-10,zmin,4,4.0,442.46826171875
B127,-10,zmin,5,5.0,853.2169799804688
B127,-10,zmin,6,6.0,1225.5501708984375
B127,-10,zmin,7,7.0,1580.46435546875
B127,-10,zmin,8,8.0,1924.6495361328125
B127,-10,zmin,9,9.0,3138.6572265625
B128,-10,zmin,1,1.0,0.0
B128,-10,zmin,2,2.0,172.8889923095703
B128,-10,zmin,3,3.0,866.5648803710938
B128,-10,zmin,4,4.0,1490.5469970703125
B128,-10,zmin,5,5.0,2051.731689453125
B128,-10,zmin,6,6.0,2580.74951171875
B128,-10,zmin,7,7.0,3102.392578125
B128,-10,zmin,8,8.0,3669.310546875
B128,-10,zmin,9,9.0,4111.9169921875
B132,-10,zmin,1,1.0,0.0
B132,-10,zmin,2,2.0,0.0
B132,-10,zmin,3,3.0,0.0
B132,-10,zmin,4,4.0,0.0
B132,-10,zmin,5,5.0,0.0
B132,-10,zmin,6,6.0,0.0
B132,-10,zmin,7,7.0,0.0
B132,-10,zmin,8,8.0,0.0
B132,-10,zmin,9,9.0,1931.4853515625
B134,-10,zmin,1,1.0,0.0
B134,-10,zmin,2,2.0,0.0
B134,-10,zmin,3,3.0,0.0
B134,-10,zmin,4,4.0,0.0
B134,-10,zmin,5,5.0,97.242919921875
B134,-10,zmin,6,6.0,377.39141845703125
B134,-10,zmin,7,7.0,640.2735595703125
B134,-10,zmin,8,8.0,893.2250366210938
B134,-10,zmin,9,9.0,2560.832763671875
B135,-10,zmin,1,1.0,0.0
B135,-10,zmin,2,2.0,0.0
B135,-10,zmin,3,3.0,0.0
B135,-10,zmin,4,4.0,428.8456115722656
B135,-10,zmin,5,5.0,834.5438232421875
B135,-10,zmin,6,6.0,1205.2642822265625
B135,-10,zmin,7,7.0,1548.0501708984375
B135,-10,zmin,8,8.0,1898.2373046875
B135,-10,zmin,9,9.0,3107.781005859375
B136,-10,zmin,1,1.0,0.0
B136,-10,zmin,2,2.0,0.0
B136,-10,zmin,3,3.0,208.43414306640625
B136,-10,zmin,4,4.0,554.0155029296875
B136,-10,zmin,5,5.0,888.7384033203125
B136,-10,zmin,6,6.0,1174.07470703125
B136,-10,zmin,7,7.0,1434.740966796875
B136,-10,zmin,8,8.0,1691.6219482421875
B136,-10,zmin,9,9.0,2971.90869140625
B137,-10,zmin,1,1.0,0.0
B137,-10,zmin,2,2.0,200.215087890625
B137,-10,zmin,3,3.0,829.783935546875
B137,-10,zmin,4,4.0,1378.82861328125
B137,-10,zmin,5,5.0,1916.0299072265625
B137,-10,zmin,6,6.0,2391.474853515625
B137,-10,zmin,7,7.0,2822.75146484375
B137,-10,zmin,8,8.0,3249.79833984375
B137,-10,zmin,9,9.0,3861.259033203125
B138,-10,zmin,1,1.0,0.0
B138,-10,zmin,2,2.0,167.839599609375
B138,-10,zmin,3,3.0,897.7390747070312
B138,-10,zmin,4,4.0,1534.3138427734375
B138,-10,zmin,5,5.0,2139.418212890625
B138,-10,zmin,6,6.0,2660.98388671875
B138,-10,zmin,7,7.0,3159.35107421875
B138,-10,zmin,8,8.0,3696.403076171875
B138,-10,zmin,9,9.0,4130.7412109375
B143,0,zmin,1,1.0,0.0
B143,0,zmin,2,2.0,0.0
B143,0,zmin,3,3.0,0.0
B143,0,zmin,4,4.0,0.0
B143,0,zmin,5,5.0,0.0
B143,0,zmin,6,6.0,0.0
B143,0,zmin,7,7.0,0.0
B143,0,zmin,8,8.0,0.0
B143,0,zmin,9,9.0,2049.155029296875
B144,0,zmin,1,1.0,0.0
B144,0,zmin,2,2.0,0.0
B144,0,zmin,3,3.0,0.0
B144,0,zmin,4,4.0,0.0
B144,0,zmin,5,5.0,0.0
B144,0,zmin,6,6.0,0.0
B144,0,zmin,7,7.0,0.0
B144,0,zmin,8,8.0,0.0
B144,0,zmin,9,9.0,1743.7188720703125
B151,-20,zmin,1,1.0,0.0
B151,-20,zmin,2,2.0,0.0
B151,-20,zmin,3,3.0,200.49806213378906
B151,-20,zmin,4,4.0,672.4694213867188
B151,-20,zmin,5,5.0,1123.710693359375
B151,-20,zmin,6,6.0,1541.7237548828125
B151,-20,zmin,7,7.0,1898.760498046875
B151,-20,zmin,8,8.0,2274.5703125
B151,-20,zmin,9,9.0,3336.90966796875
B166,-10,zmin,1,1.0,0.0
B166,-10,zmin,2,2.0,0.0
B166,-10,zmin,3,3.0,241.6356658935547
B166,-10,zmin,4,4.0,749.2092895507812
B166,-10,zmin,5,5.0,1187.58203125
B166,-10,zmin,6,6.0,1585.0992431640625
B166,-10,zmin,7,7.0,1937.7216796875
B166,-10,zmin,8,8.0,2294.822998046875
B166,-10,zmin,9,9.0,3335.910400390625
B168,-10,zmin,1,1.0,0.0
B168,-10,zmin,2,2.0,0.0
B168,-10,zmin,3,3.0,0.0
B168,-10,zmin,4,4.0,0.0
B168,-10,zmin,5,5.0,0.0
B168,-10,zmin,6,6.0,201.245361328125
B168,-10,zmin,7,7.0,417.8882141113281
B168,-10,zmin,8,8.0,633.80322265625
B168,-10,zmin,9,9.0,2395.9091796875
B169,-10,zmin,1,1.0,0.0
B169,-10,zmin,2,2.0,0.0
B169,-10,zmin,3,3.0,0.0
B169,-10,zmin,4,4.0,0.0
B169,-10,zmin,5,5.0,0.0
B169,-10,zmin,6,6.0,0.0
B169,-10,zmin,7,7.0,117.32842254638672
B169,-10,zmin,8,8.0,310.33306884765625
B169,-10,zmin,9,9.0,2220.560791015625
B170,-10,zmin,1,1.0,0.0
B170,-10,zmin,2,2.0,0.0
B170,-10,zmin,3,3.0,0.0
B170,-10,zmin,4,4.0,0.0
B170,-10,zmin,5,5.0,0.0
B170,-10,zmin,6,6.0,0.0
B170,-10,zmin,7,7.0,140.63662719726562
B170,-10,zmin,8,8.0,329.24932861328125
B170,-10,zmin,9,9.0,2229.795654296875
B171,-10,zmin,1,1.0,0.0
B171,-10,zmin,2,2.0,0.0
B171,-10,zmin,3,3.0,0.0
B171,-10,zmin,4,4.0,0.0
B171,-10,zmin,5,5.0,0.0
B171,-10,zmin,6,6.0,0.0
B171,-10,zmin,7,7.0,0.0
B171,-10,zmin,8,8.0,0.0
B171,-10,zmin,9,9.0,1764.1719970703125
B173,-10,zmin,1,1.0,0.0
B173,-10,zmin,2,2.0,0.0
B173,-10,zmin,3,3.0,0.0
B173,-10,zmin,4,4.0,0.0
B173,-10,zmin,5,5.0,0.0
B173,-10,zmin,6,6.0,0.0
B173,-10,zmin,7,7.0,0.0
B173,-10,zmin,8,8.0,88.21977996826172
B173,-10,zmin,9,9.0,2096.673828125
B174,-10,zmin,1,1.0,0.0
B174,-10,zmin,2,2.0,0.0
B174,-10,zmin,3,3.0,0.0
B174,-10,zmin,4,4.0,0.0
B174,-10,zmin,5,5.0,0.0
B174,-10,zmin,6,6.0,0.0
B174,-10,zmin,7,7.0,0.0
B174,-10,zmin,8,8.0,0.0
B174,-10,zmin,9,9.0,1639.014404296875
B176,-10,zmin,1,1.0,0.0
B176,-10,zmin,2,2.0,0.0
B176,-10,zmin,3,3.0,276.3121337890625
B176,-10,zmin,4,4.0,803.9586791992188
B176,-10,zmin,5,5.0,1292.744140625
B176,-10,zmin,6,6.0,1739.4276123046875
B176,-10,zmin,7,7.0,2151.758544921875
B176,-10,zmin,8,8.0,2545.526611328125
B176,-10,zmin,9,9.0,3484.845703125
B177,-10,zmin,1,1.0,0.0
B177,-10,zmin,2,2.0,0.0
B177,-10,zmin,3,3.0,78.09300231933594
B177,-10,zmin,4,4.0,512.9777221679688
B177,-10,zmin,5,5.0,949.7448120117188
B177,-10,zmin,6,6.0,1335.0389404296875
B177,-10,zmin,7,7.0,1673.9429931640625
B177,-10,zmin,8,8.0,2003.651611328125
B177,-10,zmin,9,9.0,3173.938232421875
B178,-10,zmin,1,1.0,0.0
B178,-10,zmin,2,2.0,260.8025817871094
B178,-10,zmin,3,3.0,980.7750244140625
B178,-10,zmin,4,4.0,1625.2401123046875
B178,-10,zmin,5,5.0,2185.892578125
B178,-10,zmin,6,6.0,2703.740478515625
B178,-10,zmin,7,7.0,3231.546630859375
B178,-10,zmin,8,8.0,3784.48583984375
B178,-10,zmin,9,9.0,4157.66748046875
B180,-10,zmin,1,1.0,0.0
B180,-10,zmin,2,2.0,0.0
B180,-10,zmin,3,3.0,434.6349792480469
B180,-10,zmin,4,4.0,906.2342529296875
B180,-10,zmin,5,5.0,1390.1707763671875
B180,-10,zmin,6,6.0,1807.1942138671875
B180,-10,zmin,7,7.0,2200.188720703125
B180,-10,zmin,8,8.0,2603.366943359375
B180,-10,zmin,9,9.0,3508.0947265625
B181,-10,zmin,1,1.0,0.0
B181,-10,zmin,2,2.0,0.0
B181,-10,zmin,3,3.0,49.0947380065918
B181,-10,zmin,4,4.0,496.19049072265625
B181,-10,zmin,5,5.0,916.1890869140625
B181,-10,zmin,6,6.0,1302.5042724609375
B181,-10,zmin,7,7.0,1666.3858642578125
B181,-10,zmin,8,8.0,2019.3629150390625
B181,-10,zmin,9,9.0,3188.599365234375
B182,-10,zmin,1,1.0,0.0
B182,-10,zmin,2,2.0,0.0
B182,-10,zmin,3,3.0,0.0
B182,-10,zmin,4,4.0,0.0
B182,-10,zmin,5,5.0,186.02879333496094
B182,-10,zmin,6,6.0,461.0719909667969
B182,-10,zmin,7,7.0,721.3526000976562
B182,-10,zmin,8,8.0,975.1815795898438
B182,-10,zmin,9,9.0,2592.636962890625
B183,-10,zmin,1,1.0,0.0
B183,-10,zmin,2,2.0,0.0
B183,-10,zmin,3,3.0,0.0
B183,-10,zmin,4,4.0,0.0
B183,-10,zmin,5,5.0,0.0
B183,-10,zmin,6,6.0,0.0
B183,-10,zmin,7,7.0,197.6797332763672
B183,-10,zmin,8,8.0,415.3233947753906
B183,-10,zmin,9,9.0,2286.07177734375
B184,-10,zmin,1,1.0,0.0
B184,-10,zmin,2,2.0,423.9443054199219
B184,-10,zmin,3,3.0,1097.8319091796875
B184,-10,zmin,4,4.0,1688.95458984375
B184,-10,zmin,5,5.0,2213.771240234375
B184,-10,zmin,6,6.0,2700.01220703125
B184,-10,zmin,7,7.0,3208.583251953125
B184,-10,zmin,8,8.0,3699.771240234375
B184,-10,zmin,9,9.0,4076.84228515625
B185,-10,zmin,1,1.0,0.0
B185,-10,zmin,2,2.0,624.013427734375
B185,-10,zmin,3,3.0,1351.1820068359375
B185,-10,zmin,4,4.0,1961.529052734375
B185,-10,zmin,5,5.0,2472.427001953125
B185,-10,zmin,6,6.0,2938.498046875
B185,-10,zmin,7,7.0,3345.134033203125
B185,-10,zmin,8,8.0,3722.47607421875
B185,-10,zmin,9,9.0,4068.250732421875
B186,-10,zmin,1,1.0,0.0
B186,-10,zmin,2,2.0,0.0
B186,-10,zmin,3,3.0,328.200927734375
B186,-10,zmin,4,4.0,853.3551635742188
B186,-10,zmin,5,5.0,1327.56787109375
B186,-10,zmin,6,6.0,1734.55859375
B186,-10,zmin,7,7.0,2123.12841796875
B186,-10,zmin,8,8.0,2508.085693359375
B186,-10,zmin,9,9.0,3447.442626953125
B187,-10,zmin,1,1.0,46.05860900878906
B187,-10,zmin,2,2.0,851.4675903320312
B187,-10,zmin,3,3.0,1519.035888671875
B187,-10,zmin,4,4.0,2046.719970703125
B187,-10,zmin,5,5.0,2471.664794921875
B187,-10,zmin,6,6.0,2837.73193359375
B187,-10,zmin,7,7.0,3199.435546875
B187,-10,zmin,8,8.0,3554.582763671875
B187,-10,zmin,9,9.0,3970.551513671875
B188,-10,zmin,1,1.0,15.29798698425293
B188,-10,zmin,2,2.0,605.3965454101562
B188,-10,zmin,3,3.0,1079.30126953125
B188,-10,zmin,4,4.0,1472.6727294921875
B188,-10,zmin,5,5.0,1805.30615234375
B188,-10,zmin,6,6.0,2112.631591796875
B188,-10,zmin,7,7.0,2382.05615234375
B188,-10,zmin,8,8.0,2679.15771484375
B188,-10,zmin,9,9.0,3496.07080078125
B189,-10,zmin,1,1.0,0.0
B189,-10,zmin,2,2.0,250.55844116210938
B189,-10,zmin,3,3.0,971.6661987304688
B189,-10,zmin,4,4.0,1616.798583984375
B189,-10,zmin,5,5.0,2200.162841796875
B189,-10,zmin,6,6.0,2757.5244140625
B189,-10,zmin,7,7.0,3319.124267578125
B189,-10,zmin,8,8.0,3872.7265625
B189,-10,zmin,9,9.0,4192.0615234375
B190,-10,zmin,1,1.0,0.0
B190,-10,zmin,2,2.0,89.39678192138672
B190,-10,zmin,3,3.0,774.3753051757812
B190,-10,zmin,4,4.0,1372.89501953125
B190,-10,zmin,5,5.0,1911.5772705078125
B190,-10,zmin,6,6.0,2360.507080078125
B190,-10,zmin,7,7.0,2802.71923828125
B190,-10,zmin,8,8.0,3253.466552734375
B190,-10,zmin,9,9.0,3883.505859375
B191,-10,zmin,1,1.0,195.50137329101562
B191,-10,zmin,2,2.0,876.1220092773438
B191,-10,zmin,3,3.0,1422.4986572265625
B191,-10,zmin,4,4.0,1860.8994140625
B191,-10,zmin,5,5.0,2229.19140625
B191,-10,zmin,6,6.0,2572.053955078125
B191,-10,zmin,7,7.0,2897.041748046875
B191,-10,zmin,8,8.0,3211.6689453125
B191,-10,zmin,9,9.0,3771.523681640625
B192,-10,zmin,1,1.0,0.0
B192,-10,zmin,2,2.0,655.460205078125
B192,-10,zmin,3,3.0,1238.943115234375
B192,-10,zmin,4,4.0,1710.870361328125
B192,-10,zmin,5,5.0,2111.191162109375
B192,-10,zmin,6,6.0,2466.73876953125
B192,-10,zmin,7,7.0,2816.667236328125
B192,-10,zmin,8,8.0,3173.05615234375
B192,-10,zmin,9,9.0,3778.1513671875
B193,-10,zmin,1,1.0,0.0
B193,-10,zmin,2,2.0,342.69549560546875
B193,-10,zmin,3,3.0,1025.952392578125
B193,-10,zmin,4,4.0,1634.0850830078125
B193,-10,zmin,5,5.0,2147.543701171875
B193,-10,zmin,6,6.0,2627.141845703125
B193,-10,zmin,7,7.0,3072.921875
B193,-10,zmin,8,8.0,3529.68994140625
B193,-10,zmin,9,9.0,4003.08984375
B194,-10,zmin,1,1.0,0.0
B194,-10,zmin,2,2.0,70.64720153808594
B194,-10,zmin,3,3.0,475.79931640625
B194,-10,zmin,4,4.0,825.6393432617188
B194,-10,zmin,5,5.0,1145.605712890625
B194,-10,zmin,6,6.0,1440.7381591796875
B194,-10,zmin,7,7.0,1714.640869140625
B194,-10,zmin,8,8.0,2023.5130615234375
B194,-10,zmin,9,9.0,3164.376708984375
B195,-10,zmin,1,1.0,0.0
B195,-10,zmin,2,2.0,0.0
B195,-10,zmin,3,3.0,0.0
B195,-10,zmin,4,4.0,60.54759216308594
B195,-10,zmin,5,5.0,393.9042663574219
B195,-10,zmin,6,6.0,683.039306640625
B195,-10,zmin,7,7.0,943.2888793945312
B195,-10,zmin,8,8.0,1199.455078125
B195,-10,zmin,9,9.0,2726.858154296875
B196,-10,zmin,1,1.0,345.0557861328125
B196,-10,zmin,2,2.0,906.712890625
B196,-10,zmin,3,3.0,1359.332275390625
B196,-10,zmin,4,4.0,1744.4755859375
B196,-10,zmin,5,5.0,2070.136474609375
B196,-10,zmin,6,6.0,2359.686767578125
B196,-10,zmin,7,7.0,2632.720703125
B196,-10,zmin,8,8.0,2902.837158203125
B196,-10,zmin,9,9.0,3594.11572265625
B197,-10,zmin,1,1.0,0.0
B197,-10,zmin,2,2.0,637.6651611328125
B197,-10,zmin,3,3.0,1309.0252685546875
B197,-10,zmin,4,4.0,1859.662109375
B197,-10,zmin,5,5.0,2303.2822265625
B197,-10,zmin,6,6.0,2679.79443359375
B197,-10,zmin,7,7.0,3063.90234375
B197,-10,zmin,8,8.0,3453.90283203125
B197,-10,zmin,9,9.0,3933.63623046875
B198,-10,zmin,1,1.0,0.0
B198,-10,zmin,2,2.0,0.0
B198,-10,zmin,3,3.0,0.0
B198,-10,zmin,4,4.0,329.8611145019531
B198,-10,zmin,5,5.0,718.9962768554688
B198,-10,zmin,6,6.0,1079.250244140625
B198,-10,zmin,7,7.0,1411.30322265625
B198,-10,zmin,8,8.0,1731.63818359375
B198,-10,zmin,9,9.0,3015.651611328125
B199,-10,zmin,1,1.0,316.5758972167969
B199,-10,zmin,2,2.0,911.6956787109375
B199,-10,zmin,3,3.0,1389.9736328125
B199,-10,zmin,4,4.0,1769.82080078125
B199,-10,zmin,5,5.0,2086.6845703125
B199,-10,zmin,6,6.0,2358.218017578125
B199,-10,zmin,7,7.0,2619.370361328125
B199,-10,zmin,8,8.0,2894.538818359375
B199,-10,zmin,9,9.0,3593.577880859375
B200,-10,zmin,1,1.0,0.0
B200,-10,zmin,2,2.0,0.0
B200,-10,zmin,3,3.0,0.0
B200,-10,zmin,4,4.0,350.4497375488281
B200,-10,zmin,5,5.0,758.5465698242188
B200,-10,zmin,6,6.0,1136.980712890625
B200,-10,zmin,7,7.0,1476.9854736328125
B200,-10,zmin,8,8.0,1818.35302734375
B200,-10,zmin,9,9.0,3072.381103515625
B201,-10,zmin,1,1.0,0.0
B201,-10,zmin,2,2.0,0.0
B201,-10,zmin,3,3.0,164.0886993408203
B201,-10,zmin,4,4.0,536.153564453125
B201,-10,zmin,5,5.0,855.7355346679688
B201,-10,zmin,6,6.0,1149.1453857421875
B201,-10,zmin,7,7.0,1424.6944580078125
B201,-10,zmin,8,8.0,1707.6856689453125
B201,-10,zmin,9,9.0,3004.86279296875
B202,-10,zmin,1,1.0,0.0
B202,-10,zmin,2,2.0,0.0
B202,-10,zmin,3,3.0,499.9997253417969
B202,-10,zmin,4,4.0,1080.73974609375
B202,-10,zmin,5,5.0,1624.6357421875
B202,-10,zmin,6,6.0,2123.241943359375
B202,-10,zmin,7,7.0,2570.444580078125
B202,-10,zmin,8,8.0,3061.275390625
B202,-10,zmin,9,9.0,3783.166015625
B203,-10,zmin,1,1.0,0.0
B203,-10,zmin,2,2.0,0.0
B203,-10,zmin,3,3.0,624.7301025390625
B203,-10,zmin,4,4.0,1213.0224609375
B203,-10,zmin,5,5.0,1768.9439697265625
B203,-10,zmin,6,6.0,2258.32080078125
B203,-10,zmin,7,7.0,2722.3232421875
B203,-10,zmin,8,8.0,3211.23046875
B203,-10,zmin,9,9.0,3858.8359375
B204,-10,zmin,1,1.0,0.0
B204,-10,zmin,2,2.0,0.0
B204,-10,zmin,3,3.0,519.0343627929688
B204,-10,zmin,4,4.0,1085.0889892578125
B204,-10,zmin,5,5.0,1639.656982421875
B204,-10,zmin,6,6.0,2135.351806640625
B204,-10,zmin,7,7.0,2611.83251953125
B204,-10,zmin,8,8.0,3099.54345703125
B204,-10,zmin,9,9.0,3815.948486328125
B205,-10,zmin,1,1.0,0.0
B205,-10,zmin,2,2.0,0.0
B205,-10,zmin,3,3.0,0.0
B205,-10,zmin,4,4.0,0.0
B205,-10,zmin,5,5.0,0.0
B205,-10,zmin,6,6.0,0.0
B205,-10,zmin,7,7.0,0.0
B205,-10,zmin,8,8.0,0.0
B205,-10,zmin,9,9.0,1719.3807373046875
B206,-10,zmin,1,1.0,0.0
B206,-10,zmin,2,2.0,0.0
B206,-10,zmin,3,3.0,0.0
B206,-10,zmin,4,4.0,0.0
B206,-10,zmin,5,5.0,0.0
B206,-10,zmin,6,6.0,101.80467224121094
B206,-10,zmin,7,7.0,269.22113037109375
B206,-10,zmin,8,8.0,444.74603271484375
B206,-10,zmin,9,9.0,2294.37255859375
B207,-10,zmin,1,1.0,0.0
B207,-10,zmin,2,2.0,0.0
B207,-10,zmin,3,3.0,0.0
B207,-10,zmin,4,4.0,49.0024528503418
B207,-10,zmin,5,5.0,391.4770812988281
B207,-10,zmin,6,6.0,709.737548828125
B207,-10,zmin,7,7.0,1004.4852294921875
B207,-10,zmin,8,8.0,1298.971435546875
B207,-10,zmin,9,9.0,2787.0693359375
B208,-10,zmin,1,1.0,0.0
B208,-10,zmin,2,2.0,0.0
B208,-10,zmin,3,3.0,0.0
B208,-10,zmin,4,4.0,0.0
B208,-10,zmin,5,5.0,276.76104736328125
B208,-10,zmin,6,6.0,560.8865356445312
B208,-10,zmin,7,7.0,825.3102416992188
B208,-10,zmin,8,8.0,1085.01611328125
B208,-10,zmin,9,9.0,2650.6455078125
B209,-10,zmin,1,1.0,0.0
B209,-10,zmin,2,2.0,0.0
B209,-10,zmin,3,3.0,0.0
B209,-10,zmin,4,4.0,353.04296875
B209,-10,zmin,5,5.0,723.9073486328125
B209,-10,zmin,6,6.0,1061.56396484375
B209,-10,zmin,7,7.0,1369.3294677734375
B209,-10,zmin,8,8.0,1677.609130859375
B209,-10,zmin,9,9.0,2990.872802734375
B210,-10,zmin,1,1.0,0.0
B210,-10,zmin,2,2.0,0.0
B210,-10,zmin,3,3.0,0.0
B210,-10,zmin,4,4.0,236.4017791748047
B210,-10,zmin,5,5.0,602.4319458007812
B210,-10,zmin,6,6.0,937.1784057617188
B210,-10,zmin,7,7.0,1254.837890625
B210,-10,zmin,8,8.0,1564.002197265625
B210,-10,zmin,9,9.0,2923.2734375
B211,-10,zmin,1,1.0,0.0
B211,-10,zmin,2,2.0,0.0
B211,-10,zmin,3,3.0,0.0
B211,-10,zmin,4,4.0,0.0
B211,-10,zmin,5,5.0,0.0
B211,-10,zmin,6,6.0,14.088034629821777
B211,-10,zmin,7,7.0,224.5493621826172
B211,-10,zmin,8,8.0,428.31195068359375
B211,-10,zmin,9,9.0,2293.494384765625
B212,-10,zmin,1,1.0,0.0
B212,-10,zmin,2,2.0,0.0
B212,-10,zmin,3,3.0,359.7392883300781
B212,-10,zmin,4,4.0,909.4010620117188
B212,-10,zmin,5,5.0,1439.79638671875
B212,-10,zmin,6,6.0,1919.274658203125
B212,-10,zmin,7,7.0,2357.944580078125
B212,-10,zmin,8,8.0,2818.883056640625
B212,-10,zmin,9,9.0,3663.542236328125
B213,-10,zmin,1,1.0,0.0
B213,-10,zmin,2,2.0,0.0
B213,-10,zmin,3,3.0,0.0
B213,-10,zmin,4,4.0,0.0
B213,-10,zmin,5,5.0,309.8310241699219
B213,-10,zmin,6,6.0,591.129638671875
B213,-10,zmin,7,7.0,861.6668090820312
B213,-10,zmin,8,8.0,1128.978515625
B213,-10,zmin,9,9.0,2670.570068359375
B214,-10,zmin,1,1.0,0.0
B214,-10,zmin,2,2.0,0.0
B214,-10,zmin,3,3.0,0.0
B214,-10,zmin,4,4.0,0.0
B214,-10,zmin,5,5.0,124.87626647949219
B214,-10,zmin,6,6.0,394.4500732421875
B214,-10,zmin,7,7.0,646.770263671875
B214,-10,zmin,8,8.0,888.1610717773438
B214,-10,zmin,9,9.0,2548.984619140625
B215,-10,zmin,1,1.0,0.0
B215,-10,zmin,2,2.0,208.52439880371094
B215,-10,zmin,3,3.0,687.035888671875
B215,-10,zmin,4,4.0,1101.7181396484375
B215,-10,zmin,5,5.0,1478.2259521484375
B215,-10,zmin,6,6.0,1825.5089111328125
B215,-10,zmin,7,7.0,2155.20947265625
B215,-10,zmin,8,8.0,2533.91943359375
B215,-10,zmin,9,9.0,3477.502197265625
B216,-10,zmin,1,1.0,0.0
B216,-10,zmin,2,2.0,0.0
B216,-10,zmin,3,3.0,0.0
B216,-10,zmin,4,4.0,0.0
B216,-10,zmin,5,5.0,0.0
B216,-10,zmin,6,6.0,0.0
B216,-10,zmin,7,7.0,174.51132202148438
B216,-10,zmin,8,8.0,385.76922607421875
B216,-10,zmin,9,9.0,2274.84326171875
B217,-10,zmin,1,1.0,0.0
B217,-10,zmin,2,2.0,0.0
B217,-10,zmin,3,3.0,406.0860595703125
B217,-10,zmin,4,4.0,919.5191650390625
B217,-10,zmin,5,5.0,1398.0594482421875
B217,-10,zmin,6,6.0,1828.14013671875
B217,-10,zmin,7,7.0,2226.56982421875
B217,-10,zmin,8,8.0,2648.37158203125
B217,-10,zmin,9,9.0,3540.28369140625
B218,-10,zmin,1,1.0,0.0
B218,-10,zmin,2,2.0,0.0
B218,-10,zmin,3,3.0,0.0
B218,-10,zmin,4,4.0,0.0
B218,-10,zmin,5,5.0,43.557926177978516
B218,-10,zmin,6,6.0,300.8414001464844
B218,-10,zmin,7,7.0,536.0050048828125
B218,-10,zmin,8,8.0,766.0668334960938
B218,-10,zmin,9,9.0,2475.67138671875
B219,-10,zmin,1,1.0,0.0
B219,-10,zmin,2,2.0,0.0
B219,-10,zmin,3,3.0,0.7309764623641968
B219,-10,zmin,4,4.0,415.4100341796875
B219,-10,zmin,5,5.0,802.89697265625
B219,-10,zmin,6,6.0,1162.1015625
B219,-10,zmin,7,7.0,1503.97705078125
B219,-10,zmin,8,8.0,1836.0228271484375
B219,-10,zmin,9,9.0,3073.550048828125
B220,-10,zmin,1,1.0,0.0
B220,-10,zmin,2,2.0,0.0
B220,-10,zmin,3,3.0,142.07498168945312
B220,-10,zmin,4,4.0,615.5108032226562
B220,-10,zmin,5,5.0,1044.8988037109375
B220,-10,zmin,6,6.0,1445.8463134765625
B220,-10,zmin,7,7.0,1814.5126953125
B220,-10,zmin,8,8.0,2171.905517578125
B220,-10,zmin,9,9.0,3262.45703125
B221,-10,zmin,1,1.0,0.0
B221,-10,zmin,2,2.0,0.0
B221,-10,zmin,3,3.0,153.31871032714844
B221,-10,zmin,4,4.0,525.0827026367188
B221,-10,zmin,5,5.0,854.2062377929688
B221,-10,zmin,6,6.0,1160.247314453125
B221,-10,zmin,7,7.0,1438.8707275390625
B221,-10,zmin,8,8.0,1736.1990966796875
B221,-10,zmin,9,9.0,3017.950927734375
B222,-10,zmin,1,1.0,0.0
B222,-10,zmin,2,2.0,0.0
B222,-10,zmin,3,3.0,470.83502197265625
B222,-10,zmin,4,4.0,1027.6259765625
B222,-10,zmin,5,5.0,1569.0955810546875
B222,-10,zmin,6,6.0,2047.34521484375
B222,-10,zmin,7,7.0,2505.21337890625
B222,-10,zmin,8,8.0,2981.196044921875
B222,-10,zmin,9,9.0,3743.75927734375
B223,-10,zmin,1,1.0,0.0
B223,-10,zmin,2,2.0,4.852093696594238
B223,-10,zmin,3,3.0,654.6375732421875
B223,-10,zmin,4,4.0,1218.5028076171875
B223,-10,zmin,5,5.0,1761.406005859375
B223,-10,zmin,6,6.0,2256.0517578125
B223,-10,zmin,7,7.0,2725.265869140625
B223,-10,zmin,8,8.0,3224.07080078125
B223,-10,zmin,9,9.0,3880.986572265625
B224,-10,zmin,1,1.0,0.0
B224,-10,zmin,2,2.0,0.0
B224,-10,zmin,3,3.0,253.43113708496094
B224,-10,zmin,4,4.0,714.2662963867188
B224,-10,zmin,5,5.0,1139.82177734375
B224,-10,zmin,6,6.0,1517.6175537109375
B224,-10,zmin,7,7.0,1867.3515625
B224,-10,zmin,8,8.0,2225.132080078125
B224,-10,zmin,9,9.0,3298.72021484375
B225,-10,zmin,1,1.0,0.0
B225,-10,zmin,2,2.0,0.0
B225,-10,zmin,3,3.0,0.0
B225,-10,zmin,4,4.0,314.8343811035156
B225,-10,zmin,5,5.0,613.2557373046875
B225,-10,zmin,6,6.0,892.68017578125
B225,-10,zmin,7,7.0,1143.6495361328125
B225,-10,zmin,8,8.0,1392.51806640625
B225,-10,zmin,9,9.0,2830.341064453125
B226,-10,zmin,1,1.0,0.0
B226,-10,zmin,2,2.0,0.0
B226,-10,zmin,3,3.0,154.28138732910156
B226,-10,zmin,4,4.0,619.5858154296875
B226,-10,zmin,5,5.0,1037.904296875
B226,-10,zmin,6,6.0,1426.5731201171875
B226,-10,zmin,7,7.0,1792.1666259765625
B226,-10,zmin,8,8.0,2146.820068359375
B226,-10,zmin,9,9.0,3258.638427734375
B227,-10,zmin,1,1.0,0.0
B227,-10,zmin,2,2.0,0.0
B227,-10,zmin,3,3.0,232.7742462158203
B227,-10,zmin,4,4.0,734.1143798828125
B227,-10,zmin,5,5.0,1201.3411865234375
B227,-10,zmin,6,6.0,1629.6656494140625
B227,-10,zmin,7,7.0,2023.5257568359375
B227,-10,zmin,8,8.0,2419.1650390625
B227,-10,zmin,9,9.0,3425.970458984375
B228,-10,zmin,1,1.0,0.0
B228,-10,zmin,2,2.0,0.0
B228,-10,zmin,3,3.0,118.14239501953125
B228,-10,zmin,4,4.0,584.0526733398438
B228,-10,zmin,5,5.0,1011.978759765625
B228,-10,zmin,6,6.0,1398.488037109375
B228,-10,zmin,7,7.0,1768.2703857421875
B228,-10,zmin,8,8.0,2121.182373046875
B228,-10,zmin,9,9.0,3249.112548828125
B229,-10,zmin,1,1.0,0.0
B229,-10,zmin,2,2.0,136.2680206298828
B229,-10,zmin,3,3.0,847.4556884765625
B229,-10,zmin,4,4.0,1452.9244384765625
B229,-10,zmin,5,5.0,2030.5115966796875
B229,-10,zmin,6,6.0,2580.5107421875
B229,-10,zmin,7,7.0,3089.59814453125
B229,-10,zmin,8,8.0,3656.623291015625
B229,-10,zmin,9,9.0,4103.74365234375
B113,-20,h1,1,1.0,0.0
B113,-20,h1,2,2.0,0.0
B113,-20,h1,3,3.0,187.03509521484375
B113,-20,h1,4,4.0,0.0
B113,-20,h1,5,5.0,178.44003295898438
B113,-20,h1,6,6.0,0.0
B113,-20,h1,7,7.0,0.0
B113,-20,h1,8,8.0,0.0
B113,-20,h1,9,9.0,220.58670043945312
B114,-20,h1,1,1.0,0.0
B114,-20,h1,2,2.0,0.0
B114,-20,h1,3,3.0,225.0779571533203
B114,-20,h1,4,4.0,0.0
B114,-20,h1,5,5.0,204.25982666015625
B114,-20,h1,6,6.0,0.0
B114,-20,h1,7,7.0,0.0
B114,-20,h1,8,8.0,0.0
B114,-20,h1,9,9.0,264.79779052734375
B116,-20,h1,1,1.0,0.0
B116,-20,h1,2,2.0,46.25089645385742
B116,-20,h1,3,3.0,240.915283203125
B116,-20,h1,4,4.0,11.854507446289062
B116,-20,h1,5,5.0,215.04550170898438
B116,-20,h1,6,6.0,0.0
B116,-20,h1,7,7.0,33.36589050292969
B116,-20,h1,8,8.0,139.46067810058594
B116,-20,h1,9,9.0,265.35601806640625
B117,-20,h1,1,1.0,1813.8975830078125
B117,-20,h1,2,2.0,1672.8330078125
B117,-20,h1,3,3.0,346.1451416015625
B117,-20,h1,4,4.0,1380.412353515625
B117,-20,h1,5,5.0,279.6518859863281
B117,-20,h1,6,6.0,1045.934814453125
B117,-20,h1,7,7.0,896.3013916015625
B117,-20,h1,8,8.0,953.4642944335938
B117,-20,h1,9,9.0,380.3930969238281
B118,-20,h1,1,1.0,3232.7744140625
B118,-20,h1,2,2.0,3062.5419921875
B118,-20,h1,3,3.0,437.6174621582031
B118,-20,h1,4,4.0,2510.848876953125
B118,-20,h1,5,5.0,334.1593322753906
B118,-20,h1,6,6.0,2064.930908203125
B118,-20,h1,7,7.0,1969.4532470703125
B118,-20,h1,8,8.0,2439.72216796875
B118,-20,h1,9,9.0,438.5287170410156
B119,-20,h1,1,1.0,0.0
B119,-20,h1,2,2.0,0.0
B119,-20,h1,3,3.0,34.89299011230469
B119,-20,h1,4,4.0,0.0
B119,-20,h1,5,5.0,82.11373901367188
B119,-20,h1,6,6.0,0.0
B119,-20,h1,7,7.0,0.0
B119,-20,h1,8,8.0,0.0
B119,-20,h1,9,9.0,93.71876525878906
B123,-10,h1,1,1.0,0.0
B123,-10,h1,2,2.0,0.0
B123,-10,h1,3,3.0,175.87277221679688
B123,-10,h1,4,4.0,0.0
B123,-10,h1,5,5.0,169.63819885253906
B123,-10,h1,6,6.0,0.0
B123,-10,h1,7,7.0,0.0
B123,-10,h1,8,8.0,0.0
B123,-10,h1,9,9.0,214.8182373046875
B124,-10,h1,1,1.0,0.0
B124,-10,h1,2,2.0,0.0
B124,-10,h1,3,3.0,175.9772186279297
B124,-10,h1,4,4.0,0.0
B124,-10,h1,5,5.0,168.0905303955078
B124,-10,h1,6,6.0,0.0
B124,-10,h1,7,7.0,0.0
B124,-10,h1,8,8.0,0.0
B124,-10,h1,9,9.0,213.33673095703125
B125,-10,h1,1,1.0,0.0
B125,-10,h1,2,2.0,0.0
B125,-10,h1,3,3.0,224.92758178710938
B125,-10,h1,4,4.0,0.0
B125,-10,h1,5,5.0,192.5651397705078
B125,-10,h1,6,6.0,0.0
B125,-10,h1,7,7.0,0.0
B125,-10,h1,8,8.0,0.0
B125,-10,h1,9,9.0,233.7698516845703
B126,-10,h1,1,1.0,0.0
B126,-10,h1,2,2.0,6.3309221267700195
B126,-10,h1,3,3.0,234.52784729003906
B126,-10,h1,4,4.0,0.0
B126,-10,h1,5,5.0,208.60594177246094
B126,-10,h1,6,6.0,0.0
B126,-10,h1,7,7.0,0.0
B126,-10,h1,8,8.0,105.62062072753906
B126,-10,h1,9,9.0,272.1424560546875
B127,-10,h1,1,1.0,1631.826171875
B127,-10,h1,2,2.0,1512.3834228515625
B127,-10,h1,3,3.0,334.0777893066406
B127,-10,h1,4,4.0,1178.1259765625
B127,-10,h1,5,5.0,269.0281982421875
B127,-10,h1,6,6.0,856.8743286132812
B127,-10,h1,7,7.0,733.0489501953125
B127,-10,h1,8,8.0,799.779052734375
B127,-10,h1,9,9.0,366.67950439453125
B128,-10,h1,1,1.0,3275.62744140625
B128,-10,h1,2,2.0,3048.878662109375
B128,-10,h1,3,3.0,430.6566467285156
B128,-10,h1,4,4.0,2464.956298828125
B128,-10,h1,5,5.0,331.8006896972656
B128,-10,h1,6,6.0,2027.9071044921875
B128,-10,h1,7,7.0,1853.9742431640625
B128,-10,h1,8,8.0,1762.0716552734375
B128,-10,h1,9,9.0,438.96966552734375
B132,-10,h1,1,1.0,0.0
B132,-10,h1,2,2.0,0.0
B132,-10,h1,3,3.0,168.29269409179688
B132,-10,h1,4,4.0,0.0
B132,-10,h1,5,5.0,165.41879272460938
B132,-10,h1,6,6.0,0.0
B132,-10,h1,7,7.0,0.0
B132,-10,h1,8,8.0,0.0
B132,-10,h1,9,9.0,201.70181274414062
B134,-10,h1,1,1.0,0.0
B134,-10,h1,2,2.0,0.0
B134,-10,h1,3,3.0,222.73410034179688
B134,-10,h1,4,4.0,0.0
B134,-10,h1,5,5.0,205.18797302246094
B134,-10,h1,6,6.0,0.0
B134,-10,h1,7,7.0,0.0
B134,-10,h1,8,8.0,0.0
B134,-10,h1,9,9.0,253.39364624023438
B135,-10,h1,1,1.0,1838.21435546875
B135,-10,h1,2,2.0,1017.6110229492188
B135,-10,h1,3,3.0,380.8112487792969
B135,-10,h1,4,4.0,1263.3828125
B135,-10,h1,5,5.0,270.39215087890625
B135,-10,h1,6,6.0,842.3335571289062
B135,-10,h1,7,7.0,705.7213745117188
B135,-10,h1,8,8.0,552.368408203125
B135,-10,h1,9,9.0,323.82940673828125
B136,-10,h1,1,1.0,0.0
B136,-10,h1,2,2.0,0.0
B136,-10,h1,3,3.0,39.5560417175293
B136,-10,h1,4,4.0,0.0
B136,-10,h1,5,5.0,96.17811584472656
B136,-10,h1,6,6.0,0.0
B136,-10,h1,7,7.0,0.0
B136,-10,h1,8,8.0,0.0
B136,-10,h1,9,9.0,95.98397064208984
B137,-10,h1,1,1.0,3970.31396484375
B137,-10,h1,2,2.0,1908.336181640625
B137,-10,h1,3,3.0,473.0574951171875
B137,-10,h1,4,4.0,2602.39794921875
B137,-10,h1,5,5.0,329.1329650878906
B137,-10,h1,6,6.0,1902.0169677734375
B137,-10,h1,7,7.0,1631.7501220703125
B137,-10,h1,8,8.0,1404.96630859375
B137,-10,h1,9,9.0,374.96221923828125
B138,-10,h1,1,1.0,3763.217529296875
B138,-10,h1,2,2.0,3188.1962890625
B138,-10,h1,3,3.0,458.0317687988281
B138,-10,h1,4,4.0,2652.637451171875
B138,-10,h1,5,5.0,337.8829345703125
B138,-10,h1,6,6.0,2081.610107421875
B138,-10,h1,7,7.0,1859.78076171875
B138,-10,h1,8,8.0,1646.356689453125
B138,-10,h1,9,9.0,419.03387451171875
B143,0,h1,1,1.0,0.0
B143,0,h1,2,2.0,0.0
B143,0,h1,3,3.0,174.9897918701172
B143,0,h1,4,4.0,0.0
B143,0,h1,5,5.0,172.99807739257812
B143,0,h1,6,6.0,0.0
B143,0,h1,7,7.0,0.0
B143,0,h1,8,8.0,0.0
B143,0,h1,9,9.0,208.1814422607422
B144,0,h1,1,1.0,0.0
B144,0,h1,2,2.0,0.0
B144,0,h1,3,3.0,143.11459350585938
B144,0,h1,4,4.0,0.0
B144,0,h1,5,5.0,147.60601806640625
B144,0,h1,6,6.0,0.0
B144,0,h1,7,7.0,0.0
B144,0,h1,8,8.0,0.0
B144,0,h1,9,9.0,179.7766571044922
B151,-20,h1,1,1.0,2202.3955078125
B151,-20,h1,2,2.0,1933.84326171875
B151,-20,h1,3,3.0,366.04937744140625
B151,-20,h1,4,4.0,1606.9765625
B151,-20,h1,5,5.0,289.8057861328125
B151,-20,h1,6,6.0,1184.3604736328125
B151,-20,h1,7,7.0,999.2427978515625
B151,-20,h1,8,8.0,858.0346069335938
B151,-20,h1,9,9.0,345.7683410644531
B166,-10,h1,1,1.0,1795.4554443359375
B166,-10,h1,2,2.0,1627.0233154296875
B166,-10,h1,3,3.0,336.4251708984375
B166,-10,h1,4,4.0,1114.185546875
B166,-10,h1,5,5.0,267.5083923339844
B166,-10,h1,6,6.0,878.7333984375
B166,-10,h1,7,7.0,726.0208129882812
B166,-10,h1,8,8.0,568.019287109375
B166,-10,h1,9,9.0,332.2817077636719
B168,-10,h1,1,1.0,24.029075622558594
B168,-10,h1,2,2.0,2.6474297046661377
B168,-10,h1,3,3.0,235.026611328125
B168,-10,h1,4,4.0,0.0
B168,-10,h1,5,5.0,210.00863647460938
B168,-10,h1,6,6.0,0.0
B168,-10,h1,7,7.0,0.0
B168,-10,h1,8,8.0,0.0
B168,-10,h1,9,9.0,286.4281311035156
B169,-10,h1,1,1.0,0.0
B169,-10,h1,2,2.0,0.0
B169,-10,h1,3,3.0,207.3527069091797
B169,-10,h1,4,4.0,0.0
B169,-10,h1,5,5.0,190.12860107421875
B169,-10,h1,6,6.0,0.0
B169,-10,h1,7,7.0,0.0
B169,-10,h1,8,8.0,0.0
B169,-10,h1,9,9.0,255.8555908203125
B170,-10,h1,1,1.0,0.0
B170,-10,h1,2,2.0,0.0
B170,-10,h1,3,3.0,206.7239227294922
B170,-10,h1,4,4.0,0.0
B170,-10,h1,5,5.0,188.42910766601562
B170,-10,h1,6,6.0,0.0
B170,-10,h1,7,7.0,0.0
B170,-10,h1,8,8.0,0.0
B170,-10,h1,9,9.0,257.2366638183594
B171,-10,h1,1,1.0,0.0
B171,-10,h1,2,2.0,0.0
B171,-10,h1,3,3.0,153.4486083984375
B171,-10,h1,4,4.0,0.0
B171,-10,h1,5,5.0,152.7288818359375
B171,-10,h1,6,6.0,0.0
B171,-10,h1,7,7.0,0.0
B171,-10,h1,8,8.0,0.0
B171,-10,h1,9,9.0,182.11856079101562
B173,-10,h1,1,1.0,0.0
B173,-10,h1,2,2.0,0.0
B173,-10,h1,3,3.0,195.81883239746094
B173,-10,h1,4,4.0,0.0
B173,-10,h1,5,5.0,183.242431640625
B173,-10,h1,6,6.0,0.0
B173,-10,h1,7,7.0,0.0
B173,-10,h1,8,8.0,0.0
B173,-10,h1,9,9.0,247.51718139648438
B174,-10,h1,1,1.0,0.0
B174,-10,h1,2,2.0,0.0
B174,-10,h1,3,3.0,139.95516967773438
B174,-10,h1,4,4.0,0.0
B174,-10,h1,5,5.0,145.87539672851562
B174,-10,h1,6,6.0,0.0
B174,-10,h1,7,7.0,0.0
B174,-10,h1,8,8.0,0.0
B174,-10,h1,9,9.0,169.71763610839844
B176,-10,h1,1,1.0,2089.759765625
B176,-10,h1,2,2.0,1930.2906494140625
B176,-10,h1,3,3.0,361.92742919921875
B176,-10,h1,4,4.0,1558.3521728515625
B176,-10,h1,5,5.0,286.7958984375
B176,-10,h1,6,6.0,1186.0064697265625
B176,-10,h1,7,7.0,1034.9063720703125
B176,-10,h1,8,8.0,1004.760986328125
B176,-10,h1,9,9.0,386.5878601074219
B177,-10,h1,1,1.0,1425.0657958984375
B177,-10,h1,2,2.0,1305.8084716796875
B177,-10,h1,3,3.0,322.69879150390625
B177,-10,h1,4,4.0,1111.3756103515625
B177,-10,h1,5,5.0,265.9589538574219
B177,-10,h1,6,6.0,811.7979736328125
B177,-10,h1,7,7.0,668.668212890625
B177,-10,h1,8,8.0,802.8763427734375
B177,-10,h1,9,9.0,364.2577819824219
B178,-10,h1,1,1.0,3776.585205078125
B178,-10,h1,2,2.0,3427.633056640625
B178,-10,h1,3,3.0,468.20880126953125
B178,-10,h1,4,4.0,2696.9990234375
B178,-10,h1,5,5.0,340.41705322265625
B178,-10,h1,6,6.0,2157.96923828125
B178,-10,h1,7,7.0,1953.6318359375
B178,-10,h1,8,8.0,1769.468994140625
B178,-10,h1,9,9.0,415.11444091796875
B180,-10,h1,1,1.0,2394.95263671875
B180,-10,h1,2,2.0,2144.923828125
B180,-10,h1,3,3.0,379.45361328125
B180,-10,h1,4,4.0,1831.79931640625
B180,-10,h1,5,5.0,303.00616455078125
B180,-10,h1,6,6.0,1476.013427734375
B180,-10,h1,7,7.0,1294.8541259765625
B180,-10,h1,8,8.0,1191.1337890625
B180,-10,h1,9,9.0,365.2480163574219
B181,-10,h1,1,1.0,1788.869873046875
B181,-10,h1,2,2.0,1568.7086181640625
B181,-10,h1,3,3.0,339.1702880859375
B181,-10,h1,4,4.0,1218.15087890625
B181,-10,h1,5,5.0,271.7064514160156
B181,-10,h1,6,6.0,916.3761596679688
B181,-10,h1,7,7.0,790.72509765625
B181,-10,h1,8,8.0,624.025390625
B181,-10,h1,9,9.0,335.28033447265625
B182,-10,h1,1,1.0,762.0902099609375
B182,-10,h1,2,2.0,0.0
B182,-10,h1,3,3.0,339.4380187988281
B182,-10,h1,4,4.0,595.250732421875
B182,-10,h1,5,5.0,224.0513153076172
B182,-10,h1,6,6.0,28.775196075439453
B182,-10,h1,7,7.0,0.0
B182,-10,h1,8,8.0,0.0
B182,-10,h1,9,9.0,253.2876434326172
B183,-10,h1,1,1.0,0.0
B183,-10,h1,2,2.0,0.0
B183,-10,h1,3,3.0,226.60899353027344
B183,-10,h1,4,4.0,0.0
B183,-10,h1,5,5.0,205.32412719726562
B183,-10,h1,6,6.0,0.0
B183,-10,h1,7,7.0,0.0
B183,-10,h1,8,8.0,0.0
B183,-10,h1,9,9.0,244.7638702392578
B184,-10,h1,1,1.0,3325.6318359375
B184,-10,h1,2,2.0,3188.5009765625
B184,-10,h1,3,3.0,464.2586364746094
B184,-10,h1,4,4.0,2777.546630859375
B184,-10,h1,5,5.0,343.7095947265625
B184,-10,h1,6,6.0,2244.160400390625
B184,-10,h1,7,7.0,2098.299072265625
B184,-10,h1,8,8.0,2023.7059326171875
B184,-10,h1,9,9.0,439.5768127441406
B185,-10,h1,1,1.0,3108.1748046875
B185,-10,h1,2,2.0,3180.205322265625
B185,-10,h1,3,3.0,455.223388671875
B185,-10,h1,4,4.0,2795.677734375
B185,-10,h1,5,5.0,348.13031005859375
B185,-10,h1,6,6.0,2341.9306640625
B185,-10,h1,7,7.0,2262.314208984375
B185,-10,h1,8,8.0,2760.076904296875
B185,-10,h1,9,9.0,458.8582763671875
B186,-10,h1,1,1.0,1847.6107177734375
B186,-10,h1,2,2.0,1387.6107177734375
B186,-10,h1,3,3.0,403.11669921875
B186,-10,h1,4,4.0,1810.5692138671875
B186,-10,h1,5,5.0,296.9898681640625
B186,-10,h1,6,6.0,1310.89990234375
B186,-10,h1,7,7.0,1120.0797119140625
B186,-10,h1,8,8.0,952.946044921875
B186,-10,h1,9,9.0,338.1600036621094
B187,-10,h1,1,1.0,0.0
B187,-10,h1,2,2.0,0.0
B187,-10,h1,3,3.0,81.78060913085938
B187,-10,h1,4,4.0,0.0
B187,-10,h1,5,5.0,144.99276733398438
B187,-10,h1,6,6.0,0.0
B187,-10,h1,7,7.0,0.0
B187,-10,h1,8,8.0,0.0
B187,-10,h1,9,9.0,125.02932739257812
B188,-10,h1,1,1.0,0.0
B188,-10,h1,2,2.0,0.0
B188,-10,h1,3,3.0,162.49510192871094
B188,-10,h1,4,4.0,0.0
B188,-10,h1,5,5.0,214.74423217773438
B188,-10,h1,6,6.0,0.0
B188,-10,h1,7,7.0,0.0
B188,-10,h1,8,8.0,0.0
B188,-10,h1,9,9.0,231.6754150390625
B189,-10,h1,1,1.0,3570.13134765625
B189,-10,h1,2,2.0,3373.3994140625
B189,-10,h1,3,3.0,453.12249755859375
B189,-10,h1,4,4.0,2770.479736328125
B189,-10,h1,5,5.0,346.1793212890625
B189,-10,h1,6,6.0,2301.588623046875
B189,-10,h1,7,7.0,2129.427001953125
B189,-10,h1,8,8.0,2129.767822265625
B189,-10,h1,9,9.0,447.6580505371094
B190,-10,h1,1,1.0,3506.787109375
B190,-10,h1,2,2.0,1899.0523681640625
B190,-10,h1,3,3.0,463.27008056640625
B190,-10,h1,4,4.0,2519.54931640625
B190,-10,h1,5,5.0,329.2796630859375
B190,-10,h1,6,6.0,1908.603515625
B190,-10,h1,7,7.0,1660.1448974609375
B190,-10,h1,8,8.0,1422.922607421875
B190,-10,h1,9,9.0,354.71490478515625
B191,-10,h1,1,1.0,1712.0220947265625
B191,-10,h1,2,2.0,1527.6297607421875
B191,-10,h1,3,3.0,403.37628173828125
B191,-10,h1,4,4.0,2681.939208984375
B191,-10,h1,5,5.0,349.8390808105469
B191,-10,h1,6,6.0,2404.932861328125
B191,-10,h1,7,7.0,2232.875244140625
B191,-10,h1,8,8.0,2150.16162109375
B191,-10,h1,9,9.0,427.73248291015625
B192,-10,h1,1,1.0,3308.078857421875
B192,-10,h1,2,2.0,3410.86572265625
B192,-10,h1,3,3.0,470.4277648925781
B192,-10,h1,4,4.0,3064.195556640625
B192,-10,h1,5,5.0,360.8701171875
B192,-10,h1,6,6.0,2606.723876953125
B192,-10,h1,7,7.0,2547.87744140625
B192,-10,h1,8,8.0,2988.209716796875
B192,-10,h1,9,9.0,477.9000244140625
B193,-10,h1,1,1.0,3361.2666015625
B193,-10,h1,2,2.0,2810.338134765625
B193,-10,h1,3,3.0,455.3238220214844
B193,-10,h1,4,4.0,2720.189453125
B193,-10,h1,5,5.0,340.9398193359375
B193,-10,h1,6,6.0,2185.436279296875
B193,-10,h1,7,7.0,1986.9757080078125
B193,-10,h1,8,8.0,1802.4246826171875
B193,-10,h1,9,9.0,382.3969421386719
B194,-10,h1,1,1.0,0.0
B194,-10,h1,2,2.0,0.0
B194,-10,h1,3,3.0,95.12521362304688
B194,-10,h1,4,4.0,0.0
B194,-10,h1,5,5.0,158.7705078125
B194,-10,h1,6,6.0,0.0
B194,-10,h1,7,7.0,0.0
B194,-10,h1,8,8.0,0.0
B194,-10,h1,9,9.0,157.451416015625
B195,-10,h1,1,1.0,0.0
B195,-10,h1,2,2.0,0.0
B195,-10,h1,3,3.0,160.0282440185547
B195,-10,h1,4,4.0,0.0
B195,-10,h1,5,5.0,226.00880432128906
B195,-10,h1,6,6.0,150.43893432617188
B195,-10,h1,7,7.0,0.0
B195,-10,h1,8,8.0,0.0
B195,-10,h1,9,9.0,237.48165893554688
B196,-10,h1,1,1.0,0.0
B196,-10,h1,2,2.0,0.0
B196,-10,h1,3,3.0,285.0484924316406
B196,-10,h1,4,4.0,1547.4388427734375
B196,-10,h1,5,5.0,307.9317321777344
B196,-10,h1,6,6.0,1639.091552734375
B196,-10,h1,7,7.0,1383.929931640625
B196,-10,h1,8,8.0,1289.90478515625
B196,-10,h1,9,9.0,375.635498046875
B197,-10,h1,1,1.0,0.0
B197,-10,h1,2,2.0,0.0
B197,-10,h1,3,3.0,216.86968994140625
B197,-10,h1,4,4.0,1486.003662109375
B197,-10,h1,5,5.0,301.94866943359375
B197,-10,h1,6,6.0,1490.499755859375
B197,-10,h1,7,7.0,1135.4412841796875
B197,-10,h1,8,8.0,735.8385620117188
B197,-10,h1,9,9.0,313.6360778808594
B198,-10,h1,1,1.0,1047.7286376953125
B198,-10,h1,2,2.0,1008.9548950195312
B198,-10,h1,3,3.0,300.8638610839844
B198,-10,h1,4,4.0,739.0055541992188
B198,-10,h1,5,5.0,247.6110076904297
B198,-10,h1,6,6.0,503.2679443359375
B198,-10,h1,7,7.0,401.367431640625
B198,-10,h1,8,8.0,360.40997314453125
B198,-10,h1,9,9.0,340.0858459472656
B199,-10,h1,1,1.0,0.0
B199,-10,h1,2,2.0,0.0
B199,-10,h1,3,3.0,93.5948486328125
B199,-10,h1,4,4.0,0.0
B199,-10,h1,5,5.0,135.46780395507812
B199,-10,h1,6,6.0,0.0
B199,-10,h1,7,7.0,0.0
B199,-10,h1,8,8.0,0.0
B199,-10,h1,9,9.0,177.96450805664062
B200,-10,h1,1,1.0,1447.781982421875
B200,-10,h1,2,2.0,1342.6055908203125
B200,-10,h1,3,3.0,323.0956115722656
B200,-10,h1,4,4.0,1008.4776611328125
B200,-10,h1,5,5.0,261.5159606933594
B200,-10,h1,6,6.0,735.5545043945312
B200,-10,h1,7,7.0,623.334228515625
B200,-10,h1,8,8.0,511.0688781738281
B200,-10,h1,9,9.0,345.6915283203125
B201,-10,h1,1,1.0,1181.04345703125
B201,-10,h1,2,2.0,454.0611572265625
B201,-10,h1,3,3.0,314.90972900390625
B201,-10,h1,4,4.0,1067.350830078125
B201,-10,h1,5,5.0,260.8327331542969
B201,-10,h1,6,6.0,609.3956909179688
B201,-10,h1,7,7.0,305.74395751953125
B201,-10,h1,8,8.0,69.2160415649414
B201,-10,h1,9,9.0,267.6402282714844
B202,-10,h1,1,1.0,2702.97314453125
B202,-10,h1,2,2.0,2446.57275390625
B202,-10,h1,3,3.0,393.91802978515625
B202,-10,h1,4,4.0,1983.4825439453125
B202,-10,h1,5,5.0,308.8310241699219
B202,-10,h1,6,6.0,1584.417724609375
B202,-10,h1,7,7.0,1418.7247314453125
B202,-10,h1,8,8.0,1488.4530029296875
B202,-10,h1,9,9.0,406.34674072265625
B203,-10,h1,1,1.0,3149.06689453125
B203,-10,h1,2,2.0,2704.505859375
B203,-10,h1,3,3.0,410.4299621582031
B203,-10,h1,4,4.0,2148.610595703125
B203,-10,h1,5,5.0,316.2159118652344
B203,-10,h1,6,6.0,1675.474609375
B203,-10,h1,7,7.0,1472.72509765625
B203,-10,h1,8,8.0,1265.382568359375
B203,-10,h1,9,9.0,389.1636657714844
B204,-10,h1,1,1.0,2683.581787109375
B204,-10,h1,2,2.0,2453.350830078125
B204,-10,h1,3,3.0,393.3246765136719
B204,-10,h1,4,4.0,1971.446044921875
B204,-10,h1,5,5.0,307.70269775390625
B204,-10,h1,6,6.0,1566.5836181640625
B204,-10,h1,7,7.0,1393.4803466796875
B204,-10,h1,8,8.0,1542.88671875
B204,-10,h1,9,9.0,409.0386047363281
B205,-10,h1,1,1.0,0.0
B205,-10,h1,2,2.0,0.0
B205,-10,h1,3,3.0,151.11697387695312
B205,-10,h1,4,4.0,0.0
B205,-10,h1,5,5.0,153.7417755126953
B205,-10,h1,6,6.0,0.0
B205,-10,h1,7,7.0,0.0
B205,-10,h1,8,8.0,0.0
B205,-10,h1,9,9.0,184.24777221679688
B206,-10,h1,1,1.0,47.364532470703125
B206,-10,h1,2,2.0,0.0
B206,-10,h1,3,3.0,250.6298370361328
B206,-10,h1,4,4.0,151.03001403808594
B206,-10,h1,5,5.0,218.16246032714844
B206,-10,h1,6,6.0,0.0
B206,-10,h1,7,7.0,0.0
B206,-10,h1,8,8.0,0.0
B206,-10,h1,9,9.0,235.97518920898438
B207,-10,h1,1,1.0,831.7041015625
B207,-10,h1,2,2.0,786.0513916015625
B207,-10,h1,3,3.0,286.783935546875
B207,-10,h1,4,4.0,567.8028564453125
B207,-10,h1,5,5.0,240.8237762451172
B207,-10,h1,6,6.0,373.29339599609375
B207,-10,h1,7,7.0,291.96484375
B207,-10,h1,8,8.0,201.197021484375
B207,-10,h1,9,9.0,321.5657043457031
B208,-10,h1,1,1.0,899.3340454101562
B208,-10,h1,2,2.0,0.0
B208,-10,h1,3,3.0,361.8816223144531
B208,-10,h1,4,4.0,613.551513671875
B208,-10,h1,5,5.0,227.43397521972656
B208,-10,h1,6,6.0,95.57130432128906
B208,-10,h1,7,7.0,0.0
B208,-10,h1,8,8.0,0.0
B208,-10,h1,9,9.0,256.06951904296875
B209,-10,h1,1,1.0,1366.089111328125
B209,-10,h1,2,2.0,1238.9404296875
B209,-10,h1,3,3.0,313.8266296386719
B209,-10,h1,4,4.0,875.1146850585938
B209,-10,h1,5,5.0,255.2882080078125
B209,-10,h1,6,6.0,612.6199340820312
B209,-10,h1,7,7.0,505.0579833984375
B209,-10,h1,8,8.0,380.379638671875
B209,-10,h1,9,9.0,337.9941711425781
B210,-10,h1,1,1.0,1112.5916748046875
B210,-10,h1,2,2.0,1019.6348266601562
B210,-10,h1,3,3.0,301.83795166015625
B210,-10,h1,4,4.0,741.8189086914062
B210,-10,h1,5,5.0,248.77102661132812
B210,-10,h1,6,6.0,513.429931640625
B210,-10,h1,7,7.0,418.4841003417969
B210,-10,h1,8,8.0,382.6478576660156
B210,-10,h1,9,9.0,334.5526123046875
B211,-10,h1,1,1.0,0.0
B211,-10,h1,2,2.0,0.0
B211,-10,h1,3,3.0,262.2550048828125
B211,-10,h1,4,4.0,0.0
B211,-10,h1,5,5.0,201.230224609375
B211,-10,h1,6,6.0,0.0
B211,-10,h1,7,7.0,0.0
B211,-10,h1,8,8.0,0.0
B211,-10,h1,9,9.0,249.93943786621094
B212,-10,h1,1,1.0,2399.2080078125
B212,-10,h1,2,2.0,2220.467041015625
B212,-10,h1,3,3.0,379.74798583984375
B212,-10,h1,4,4.0,1804.559814453125
B212,-10,h1,5,5.0,299.814208984375
B212,-10,h1,6,6.0,1444.6285400390625
B212,-10,h1,7,7.0,1290.9896240234375
B212,-10,h1,8,8.0,1536.60888671875
B212,-10,h1,9,9.0,402.1003112792969
B213,-10,h1,1,1.0,676.0093994140625
B213,-10,h1,2,2.0,601.4376831054688
B213,-10,h1,3,3.0,273.78570556640625
B213,-10,h1,4,4.0,378.2056579589844
B213,-10,h1,5,5.0,231.7526092529297
B213,-10,h1,6,6.0,187.33302307128906
B213,-10,h1,7,7.0,109.86751556396484
B213,-10,h1,8,8.0,75.1923828125
B213,-10,h1,9,9.0,312.32745361328125
B214,-10,h1,1,1.0,328.4492492675781
B214,-10,h1,2,2.0,218.20977783203125
B214,-10,h1,3,3.0,254.74766540527344
B214,-10,h1,4,4.0,99.65120697021484
B214,-10,h1,5,5.0,218.08485412597656
B214,-10,h1,6,6.0,0.0
B214,-10,h1,7,7.0,0.0
B214,-10,h1,8,8.0,0.0
B214,-10,h1,9,9.0,284.3220520019531
B215,-10,h1,1,1.0,2103.238525390625
B215,-10,h1,2,2.0,2018.909912109375
B215,-10,h1,3,3.0,373.03631591796875
B215,-10,h1,4,4.0,1729.716552734375
B215,-10,h1,5,5.0,296.82562255859375
B215,-10,h1,6,6.0,1375.956787109375
B215,-10,h1,7,7.0,1270.520751953125
B215,-10,h1,8,8.0,1534.516357421875
B215,-10,h1,9,9.0,380.2280578613281
B216,-10,h1,1,1.0,0.0
B216,-10,h1,2,2.0,0.0
B216,-10,h1,3,3.0,228.32164001464844
B216,-10,h1,4,4.0,0.0
B216,-10,h1,5,5.0,203.95005798339844
B216,-10,h1,6,6.0,0.0
B216,-10,h1,7,7.0,0.0
B216,-10,h1,8,8.0,0.0
B216,-10,h1,9,9.0,275.6794128417969
B217,-10,h1,1,1.0,2545.158935546875
B217,-10,h1,2,2.0,2195.66552734375
B217,-10,h1,3,3.0,379.7596740722656
B217,-10,h1,4,4.0,1777.3817138671875
B217,-10,h1,5,5.0,299.35137939453125
B217,-10,h1,6,6.0,1398.904541015625
B217,-10,h1,7,7.0,1217.8406982421875
B217,-10,h1,8,8.0,1028.9674072265625
B217,-10,h1,9,9.0,357.7401428222656
B218,-10,h1,1,1.0,359.47723388671875
B218,-10,h1,2,2.0,0.0
B218,-10,h1,3,3.0,345.3089599609375
B218,-10,h1,4,4.0,77.26486206054688
B218,-10,h1,5,5.0,213.97705078125
B218,-10,h1,6,6.0,0.0
B218,-10,h1,7,7.0,0.0
B218,-10,h1,8,8.0,0.0
B218,-10,h1,9,9.0,242.87713623046875
B219,-10,h1,1,1.0,1686.7945556640625
B219,-10,h1,2,2.0,689.2161254882812
B219,-10,h1,3,3.0,347.7520751953125
B219,-10,h1,4,4.0,1136.813720703125
B219,-10,h1,5,5.0,263.28192138671875
B219,-10,h1,6,6.0,760.2373657226562
B219,-10,h1,7,7.0,596.6826782226562
B219,-10,h1,8,8.0,382.79852294921875
B219,-10,h1,9,9.0,310.6904296875
B220,-10,h1,1,1.0,1987.1817626953125
B220,-10,h1,2,2.0,991.8822021484375
B220,-10,h1,3,3.0,364.8121337890625
B220,-10,h1,4,4.0,1258.54931640625
B220,-10,h1,5,5.0,270.92181396484375
B220,-10,h1,6,6.0,873.3125610351562
B220,-10,h1,7,7.0,715.7592163085938
B220,-10,h1,8,8.0,493.632080078125
B220,-10,h1,9,9.0,318.3309631347656
B221,-10,h1,1,1.0,1410.05419921875
B221,-10,h1,2,2.0,1365.2637939453125
B221,-10,h1,3,3.0,332.6519775390625
B221,-10,h1,4,4.0,1184.78759765625
B221,-10,h1,5,5.0,269.9434509277344
B221,-10,h1,6,6.0,848.564208984375
B221,-10,h1,7,7.0,665.0286254882812
B221,-10,h1,8,8.0,699.2009887695312
B221,-10,h1,9,9.0,347.00421142578125
B222,-10,h1,1,1.0,2348.30419921875
B222,-10,h1,2,2.0,2230.11962890625
B222,-10,h1,3,3.0,382.8006591796875
B222,-10,h1,4,4.0,1781.400146484375
B222,-10,h1,5,5.0,297.5634765625
B222,-10,h1,6,6.0,1387.5887451171875
B222,-10,h1,7,7.0,1290.124267578125
B222,-10,h1,8,8.0,1768.21337890625
B222,-10,h1,9,9.0,401.7011413574219
B223,-10,h1,1,1.0,2700.348876953125
B223,-10,h1,2,2.0,2556.003662109375
B223,-10,h1,3,3.0,398.6583557128906
B223,-10,h1,4,4.0,2028.39306640625
B223,-10,h1,5,5.0,310.5558166503906
B223,-10,h1,6,6.0,1620.0802001953125
B223,-10,h1,7,7.0,1432.007568359375
B223,-10,h1,8,8.0,1897.5960693359375
B223,-10,h1,9,9.0,420.6324157714844
B224,-10,h1,1,1.0,2369.635986328125
B224,-10,h1,2,2.0,1886.4049072265625
B224,-10,h1,3,3.0,364.4009094238281
B224,-10,h1,4,4.0,1537.31201171875
B224,-10,h1,5,5.0,286.41497802734375
B224,-10,h1,6,6.0,1113.7923583984375
B224,-10,h1,7,7.0,918.2960205078125
B224,-10,h1,8,8.0,693.5816040039062
B224,-10,h1,9,9.0,330.9268798828125
B225,-10,h1,1,1.0,1009.639404296875
B225,-10,h1,2,2.0,1008.0146484375
B225,-10,h1,3,3.0,304.7988586425781
B225,-10,h1,4,4.0,834.7897338867188
B225,-10,h1,5,5.0,251.7577362060547
B225,-10,h1,6,6.0,520.7286987304688
B225,-10,h1,7,7.0,427.5518798828125
B225,-10,h1,8,8.0,666.1219482421875
B225,-10,h1,9,9.0,331.2362365722656
B226,-10,h1,1,1.0,2020.356689453125
B226,-10,h1,2,2.0,1198.5960693359375
B226,-10,h1,3,3.0,363.9814453125
B226,-10,h1,4,4.0,1359.3995361328125
B226,-10,h1,5,5.0,275.3989562988281
B226,-10,h1,6,6.0,955.0353393554688
B226,-10,h1,7,7.0,791.48095703125
B226,-10,h1,8,8.0,562.3760375976562
B226,-10,h1,9,9.0,319.22393798828125
B227,-10,h1,1,1.0,1995.3485107421875
B227,-10,h1,2,2.0,1847.512451171875
B227,-10,h1,3,3.0,354.4410705566406
B227,-10,h1,4,4.0,1470.55908203125
B227,-10,h1,5,5.0,284.993408203125
B227,-10,h1,6,6.0,1162.2508544921875
B227,-10,h1,7,7.0,1038.275390625
B227,-10,h1,8,8.0,908.408203125
B227,-10,h1,9,9.0,375.4875183105469
B228,-10,h1,1,1.0,1707.7049560546875
B228,-10,h1,2,2.0,1526.569091796875
B228,-10,h1,3,3.0,334.5107421875
B228,-10,h1,4,4.0,1161.6693115234375
B228,-10,h1,5,5.0,268.4012756347656
B228,-10,h1,6,6.0,867.178955078125
B228,-10,h1,7,7.0,749.4580688476562
B228,-10,h1,8,8.0,767.1292724609375
B228,-10,h1,9,9.0,361.0414733886719
B229,-10,h1,1,1.0,3121.3603515625
B229,-10,h1,2,2.0,3003.677490234375
B229,-10,h1,3,3.0,431.9317321777344
B229,-10,h1,4,4.0,2414.5380859375
B229,-10,h1,5,5.0,329.67327880859375
B229,-10,h1,6,6.0,1988.0614013671875
B229,-10,h1,7,7.0,1872.8795166015625
B229,-10,h1,8,8.0,2468.677734375
B229,-10,h1,9,9.0,440.94122314453125
B113,-20,d1,1,1.0,0.0
B113,-20,d1,2,2.0,0.0
B113,-20,d1,3,3.0,44.1639404296875
B113,-20,d1,4,4.0,0.0
B113,-20,d1,5,5.0,32.69170379638672
B113,-20,d1,6,6.0,0.0
B113,-20,d1,7,7.0,0.0
B113,-20,d1,8,8.0,0.0
B113,-20,d1,9,9.0,15.810126304626465
B114,-20,d1,1,1.0,0.0
B114,-20,d1,2,2.0,0.0
B114,-20,d1,3,3.0,42.26289749145508
B114,-20,d1,4,4.0,0.0
B114,-20,d1,5,5.0,29.072248458862305
B114,-20,d1,6,6.0,0.0
B114,-20,d1,7,7.0,0.0
B114,-20,d1,8,8.0,0.0
B114,-20,d1,9,9.0,14.374671936035156
B116,-20,d1,1,1.0,0.0
B116,-20,d1,2,2.0,0.0
B116,-20,d1,3,3.0,48.77434539794922
B116,-20,d1,4,4.0,0.0
B116,-20,d1,5,5.0,33.37442398071289
B116,-20,d1,6,6.0,0.0
B116,-20,d1,7,7.0,0.0
B116,-20,d1,8,8.0,0.0
B116,-20,d1,9,9.0,14.628125190734863
B117,-20,d1,1,1.0,2917.285400390625
B117,-20,d1,2,2.0,2387.1669921875
B117,-20,d1,3,3.0,99.26469421386719
B117,-20,d1,4,4.0,1366.1468505859375
B117,-20,d1,5,5.0,66.8868408203125
B117,-20,d1,6,6.0,820.67333984375
B117,-20,d1,7,7.0,669.276611328125
B117,-20,d1,8,8.0,491.4854431152344
B117,-20,d1,9,9.0,41.81268310546875
B118,-20,d1,1,1.0,4756.14111328125
B118,-20,d1,2,2.0,4158.5185546875
B118,-20,d1,3,3.0,135.56283569335938
B118,-20,d1,4,4.0,2904.0703125
B118,-20,d1,5,5.0,93.67980194091797
B118,-20,d1,6,6.0,2273.75341796875
B118,-20,d1,7,7.0,2068.294921875
B118,-20,d1,8,8.0,1749.114013671875
B118,-20,d1,9,9.0,62.70291519165039
B119,-20,d1,1,1.0,3601.021240234375
B119,-20,d1,2,2.0,3355.067626953125
B119,-20,d1,3,3.0,124.24185180664062
B119,-20,d1,4,4.0,2618.848388671875
B119,-20,d1,5,5.0,90.9532699584961
B119,-20,d1,6,6.0,2044.261962890625
B119,-20,d1,7,7.0,1656.73486328125
B119,-20,d1,8,8.0,1155.4124755859375
B119,-20,d1,9,9.0,49.79793167114258
B123,-10,d1,1,1.0,0.0
B123,-10,d1,2,2.0,0.0
B123,-10,d1,3,3.0,46.18603515625
B123,-10,d1,4,4.0,0.0
B123,-10,d1,5,5.0,33.984046936035156
B123,-10,d1,6,6.0,0.0
B123,-10,d1,7,7.0,0.0
B123,-10,d1,8,8.0,0.0
B123,-10,d1,9,9.0,17.560203552246094
B124,-10,d1,1,1.0,0.0
B124,-10,d1,2,2.0,0.0
B124,-10,d1,3,3.0,44.01585388183594
B124,-10,d1,4,4.0,0.0
B124,-10,d1,5,5.0,33.03831100463867
B124,-10,d1,6,6.0,0.0
B124,-10,d1,7,7.0,0.0
B124,-10,d1,8,8.0,0.0
B124,-10,d1,9,9.0,17.08086395263672
B125,-10,d1,1,1.0,0.0
B125,-10,d1,2,2.0,0.0
B125,-10,d1,3,3.0,36.52958679199219
B125,-10,d1,4,4.0,0.0
B125,-10,d1,5,5.0,28.904199600219727
B125,-10,d1,6,6.0,0.0
B125,-10,d1,7,7.0,0.0
B125,-10,d1,8,8.0,0.0
B125,-10,d1,9,9.0,15.936464309692383
B126,-10,d1,1,1.0,0.0
B126,-10,d1,2,2.0,0.0
B126,-10,d1,3,3.0,47.088809967041016
B126,-10,d1,4,4.0,0.0
B126,-10,d1,5,5.0,31.27428436279297
B126,-10,d1,6,6.0,0.0
B126,-10,d1,7,7.0,0.0
B126,-10,d1,8,8.0,0.0
B126,-10,d1,9,9.0,14.564687728881836
B127,-10,d1,1,1.0,2345.029296875
B127,-10,d1,2,2.0,1818.3763427734375
B127,-10,d1,3,3.0,86.9307632446289
B127,-10,d1,4,4.0,890.2251586914062
B127,-10,d1,5,5.0,60.38056564331055
B127,-10,d1,6,6.0,468.6696472167969
B127,-10,d1,7,7.0,324.034423828125
B127,-10,d1,8,8.0,195.20538330078125
B127,-10,d1,9,9.0,38.291648864746094
B128,-10,d1,1,1.0,4536.0830078125
B128,-10,d1,2,2.0,3866.610107421875
B128,-10,d1,3,3.0,125.22183227539062
B128,-10,d1,4,4.0,2488.75537109375
B128,-10,d1,5,5.0,85.98827362060547
B128,-10,d1,6,6.0,1888.9249267578125
B128,-10,d1,7,7.0,1754.6822509765625
B128,-10,d1,8,8.0,1520.45947265625
B128,-10,d1,9,9.0,58.74164962768555
B132,-10,d1,1,1.0,0.0
B132,-10,d1,2,2.0,0.0
B132,-10,d1,3,3.0,39.906925201416016
B132,-10,d1,4,4.0,0.0
B132,-10,d1,5,5.0,30.394134521484375
B132,-10,d1,6,6.0,0.0
B132,-10,d1,7,7.0,0.0
B132,-10,d1,8,8.0,0.0
B132,-10,d1,9,9.0,15.437331199645996
B134,-10,d1,1,1.0,186.72445678710938
B134,-10,d1,2,2.0,0.0
B134,-10,d1,3,3.0,54.28455352783203
B134,-10,d1,4,4.0,0.0
B134,-10,d1,5,5.0,37.9878044128418
B134,-10,d1,6,6.0,0.0
B134,-10,d1,7,7.0,0.0
B134,-10,d1,8,8.0,0.0
B134,-10,d1,9,9.0,16.835718154907227
B135,-10,d1,1,1.0,2589.1083984375
B135,-10,d1,2,2.0,1786.375
B135,-10,d1,3,3.0,47.80522918701172
B135,-10,d1,4,4.0,468.15191650390625
B135,-10,d1,5,5.0,57.59385681152344
B135,-10,d1,6,6.0,409.8137512207031
B135,-10,d1,7,7.0,339.5148010253906
B135,-10,d1,8,8.0,215.37509155273438
B135,-10,d1,9,9.0,37.84988784790039
B136,-10,d1,1,1.0,2302.7841796875
B136,-10,d1,2,2.0,2012.4163818359375
B136,-10,d1,3,3.0,86.97203826904297
B136,-10,d1,4,4.0,886.2662353515625
B136,-10,d1,5,5.0,64.3434066772461
B136,-10,d1,6,6.0,795.5882568359375
B136,-10,d1,7,7.0,639.2078857421875
B136,-10,d1,8,8.0,411.9810485839844
B136,-10,d1,9,9.0,40.09951400756836
B137,-10,d1,1,1.0,5702.916015625
B137,-10,d1,2,2.0,5515.43212890625
B137,-10,d1,3,3.0,98.07072448730469
B137,-10,d1,4,4.0,1663.1512451171875
B137,-10,d1,5,5.0,85.31318664550781
B137,-10,d1,6,6.0,2463.560302734375
B137,-10,d1,7,7.0,2377.104736328125
B137,-10,d1,8,8.0,1867.5816650390625
B137,-10,d1,9,9.0,56.5384635925293
B138,-10,d1,1,1.0,4541.375
B138,-10,d1,2,2.0,3823.048583984375
B138,-10,d1,3,3.0,103.0478744506836
B138,-10,d1,4,4.0,1514.6722412109375
B138,-10,d1,5,5.0,73.87158203125
B138,-10,d1,6,6.0,1395.914794921875
B138,-10,d1,7,7.0,1341.84326171875
B138,-10,d1,8,8.0,1128.784912109375
B138,-10,d1,9,9.0,52.14187240600586
B143,0,d1,1,1.0,0.0
B143,0,d1,2,2.0,0.0
B143,0,d1,3,3.0,44.58820724487305
B143,0,d1,4,4.0,0.0
B143,0,d1,5,5.0,33.07064437866211
B143,0,d1,6,6.0,0.0
B143,0,d1,7,7.0,0.0
B143,0,d1,8,8.0,0.0
B143,0,d1,9,9.0,15.334043502807617
B144,0,d1,1,1.0,0.0
B144,0,d1,2,2.0,0.0
B144,0,d1,3,3.0,33.73649597167969
B144,0,d1,4,4.0,0.0
B144,0,d1,5,5.0,27.982946395874023
B144,0,d1,6,6.0,0.0
B144,0,d1,7,7.0,0.0
B144,0,d1,8,8.0,0.0
B144,0,d1,9,9.0,15.867225646972656
B151,-20,d1,1,1.0,3970.447021484375
B151,-20,d1,2,2.0,3371.185791015625
B151,-20,d1,3,3.0,120.11201477050781
B151,-20,d1,4,4.0,2304.295166015625
B151,-20,d1,5,5.0,84.13174438476562
B151,-20,d1,6,6.0,1785.6357421875
B151,-20,d1,7,7.0,1555.4342041015625
B151,-20,d1,8,8.0,1266.1435546875
B151,-20,d1,9,9.0,51.56113815307617
B166,-10,d1,1,1.0,888.4556274414062
B166,-10,d1,2,2.0,0.0
B166,-10,d1,3,3.0,44.51474380493164
B166,-10,d1,4,4.0,0.0
B166,-10,d1,5,5.0,33.15084457397461
B166,-10,d1,6,6.0,0.0
B166,-10,d1,7,7.0,0.0
B166,-10,d1,8,8.0,0.0
B166,-10,d1,9,9.0,17.57280921936035
B168,-10,d1,1,1.0,582.955810546875
B168,-10,d1,2,2.0,370.1664733886719
B168,-10,d1,3,3.0,63.903377532958984
B168,-10,d1,4,4.0,0.0
B168,-10,d1,5,5.0,45.64258575439453
B168,-10,d1,6,6.0,0.0
B168,-10,d1,7,7.0,0.0
B168,-10,d1,8,8.0,0.0
B168,-10,d1,9,9.0,27.106706619262695
B169,-10,d1,1,1.0,284.8889465332031
B169,-10,d1,2,2.0,79.13780212402344
B169,-10,d1,3,3.0,55.235538482666016
B169,-10,d1,4,4.0,0.0
B169,-10,d1,5,5.0,42.191001892089844
B169,-10,d1,6,6.0,0.0
B169,-10,d1,7,7.0,0.0
B169,-10,d1,8,8.0,0.0
B169,-10,d1,9,9.0,25.038799285888672
B170,-10,d1,1,1.0,3.9605796337127686
B170,-10,d1,2,2.0,0.0
B170,-10,d1,3,3.0,52.83867263793945
B170,-10,d1,4,4.0,0.0
B170,-10,d1,5,5.0,39.527854919433594
B170,-10,d1,6,6.0,0.0
B170,-10,d1,7,7.0,0.0
B170,-10,d1,8,8.0,0.0
B170,-10,d1,9,9.0,23.951589584350586
B171,-10,d1,1,1.0,0.0
B171,-10,d1,2,2.0,0.0
B171,-10,d1,3,3.0,46.057640075683594
B171,-10,d1,4,4.0,0.0
B171,-10,d1,5,5.0,35.83184814453125
B171,-10,d1,6,6.0,0.0
B171,-10,d1,7,7.0,0.0
B171,-10,d1,8,8.0,0.0
B171,-10,d1,9,9.0,19.886070251464844
B173,-10,d1,1,1.0,0.0
B173,-10,d1,2,2.0,0.0
B173,-10,d1,3,3.0,48.73324203491211
B173,-10,d1,4,4.0,0.0
B173,-10,d1,5,5.0,36.91279983520508
B173,-10,d1,6,6.0,0.0
B173,-10,d1,7,7.0,0.0
B173,-10,d1,8,8.0,0.0
B173,-10,d1,9,9.0,20.868370056152344
B174,-10,d1,1,1.0,0.0
B174,-10,d1,2,2.0,0.0
B174,-10,d1,3,3.0,34.281288146972656
B174,-10,d1,4,4.0,0.0
B174,-10,d1,5,5.0,30.428058624267578
B174,-10,d1,6,6.0,0.0
B174,-10,d1,7,7.0,0.0
B174,-10,d1,8,8.0,0.0
B174,-10,d1,9,9.0,18.213552474975586
B176,-10,d1,1,1.0,3432.066162109375
B176,-10,d1,2,2.0,2672.384765625
B176,-10,d1,3,3.0,104.36455535888672
B176,-10,d1,4,4.0,1525.739013671875
B176,-10,d1,5,5.0,69.50399017333984
B176,-10,d1,6,6.0,936.2984008789062
B176,-10,d1,7,7.0,758.7159423828125
B176,-10,d1,8,8.0,570.3890380859375
B176,-10,d1,9,9.0,44.77369689941406
B177,-10,d1,1,1.0,2289.029296875
B177,-10,d1,2,2.0,1769.1322021484375
B177,-10,d1,3,3.0,89.53343963623047
B177,-10,d1,4,4.0,1077.77001953125
B177,-10,d1,5,5.0,63.684574127197266
B177,-10,d1,6,6.0,614.4370727539062
B177,-10,d1,7,7.0,439.29534912109375
B177,-10,d1,8,8.0,205.3874969482422
B177,-10,d1,9,9.0,35.47488021850586
B178,-10,d1,1,1.0,5525.59033203125
B178,-10,d1,2,2.0,4593.90576171875
B178,-10,d1,3,3.0,83.39859771728516
B178,-10,d1,4,4.0,1130.870361328125
B178,-10,d1,5,5.0,77.58824157714844
B178,-10,d1,6,6.0,1777.55078125
B178,-10,d1,7,7.0,1793.04345703125
B178,-10,d1,8,8.0,1593.375244140625
B178,-10,d1,9,9.0,58.55979919433594
B180,-10,d1,1,1.0,5328.560546875
B180,-10,d1,2,2.0,4865.31396484375
B180,-10,d1,3,3.0,144.83421325683594
B180,-10,d1,4,4.0,3338.858154296875
B180,-10,d1,5,5.0,105.57666778564453
B180,-10,d1,6,6.0,3104.682861328125
B180,-10,d1,7,7.0,2816.1796875
B180,-10,d1,8,8.0,2281.670654296875
B180,-10,d1,9,9.0,67.31011199951172
B181,-10,d1,1,1.0,3155.961669921875
B181,-10,d1,2,2.0,2672.413818359375
B181,-10,d1,3,3.0,108.59486389160156
B181,-10,d1,4,4.0,1859.73046875
B181,-10,d1,5,5.0,76.83792114257812
B181,-10,d1,6,6.0,1359.845947265625
B181,-10,d1,7,7.0,1191.4197998046875
B181,-10,d1,8,8.0,990.2037353515625
B181,-10,d1,9,9.0,50.86663818359375
B182,-10,d1,1,1.0,2326.034912109375
B182,-10,d1,2,2.0,1431.9046630859375
B182,-10,d1,3,3.0,32.580963134765625
B182,-10,d1,4,4.0,0.0
B182,-10,d1,5,5.0,48.9030876159668
B182,-10,d1,6,6.0,209.9540557861328
B182,-10,d1,7,7.0,259.0855407714844
B182,-10,d1,8,8.0,149.2606658935547
B182,-10,d1,9,9.0,34.701778411865234
B183,-10,d1,1,1.0,1102.6724853515625
B183,-10,d1,2,2.0,706.8336181640625
B183,-10,d1,3,3.0,69.59024810791016
B183,-10,d1,4,4.0,326.1796569824219
B183,-10,d1,5,5.0,52.26766586303711
B183,-10,d1,6,6.0,101.35295867919922
B183,-10,d1,7,7.0,10.249391555786133
B183,-10,d1,8,8.0,0.0
B183,-10,d1,9,9.0,30.977495193481445
B184,-10,d1,1,1.0,5654.81689453125
B184,-10,d1,2,2.0,5304.4453125
B184,-10,d1,3,3.0,107.03634643554688
B184,-10,d1,4,4.0,1691.1102294921875
B184,-10,d1,5,5.0,85.09568786621094
B184,-10,d1,6,6.0,2172.116943359375
B184,-10,d1,7,7.0,2166.533447265625
B184,-10,d1,8,8.0,1836.3544921875
B184,-10,d1,9,9.0,58.632591247558594
B185,-10,d1,1,1.0,5567.369140625
B185,-10,d1,2,2.0,5381.21728515625
B185,-10,d1,3,3.0,159.88417053222656
B185,-10,d1,4,4.0,3480.03857421875
B185,-10,d1,5,5.0,102.79744720458984
B185,-10,d1,6,6.0,2911.289306640625
B185,-10,d1,7,7.0,2742.478271484375
B185,-10,d1,8,8.0,2262.046875
B185,-10,d1,9,9.0,68.71736907958984
B186,-10,d1,1,1.0,3048.629638671875
B186,-10,d1,2,2.0,2257.3203125
B186,-10,d1,3,3.0,80.74876403808594
B186,-10,d1,4,4.0,721.4666748046875
B186,-10,d1,5,5.0,63.30268096923828
B186,-10,d1,6,6.0,736.6856079101562
B186,-10,d1,7,7.0,650.0785522460938
B186,-10,d1,8,8.0,508.5583801269531
B186,-10,d1,9,9.0,43.126590728759766
B187,-10,d1,1,1.0,5268.65283203125
B187,-10,d1,2,2.0,4485.98828125
B187,-10,d1,3,3.0,96.80221557617188
B187,-10,d1,4,4.0,876.8577270507812
B187,-10,d1,5,5.0,70.12271881103516
B187,-10,d1,6,6.0,1413.879150390625
B187,-10,d1,7,7.0,1371.724853515625
B187,-10,d1,8,8.0,1076.911865234375
B187,-10,d1,9,9.0,48.12728500366211
B188,-10,d1,1,1.0,3543.873779296875
B188,-10,d1,2,2.0,3196.13037109375
B188,-10,d1,3,3.0,115.91800689697266
B188,-10,d1,4,4.0,2043.628662109375
B188,-10,d1,5,5.0,81.04602813720703
B188,-10,d1,6,6.0,1733.1998291015625
B188,-10,d1,7,7.0,1643.6717529296875
B188,-10,d1,8,8.0,1445.657958984375
B188,-10,d1,9,9.0,59.234130859375
B189,-10,d1,1,1.0,5648.5869140625
B189,-10,d1,2,2.0,5114.68701171875
B189,-10,d1,3,3.0,144.02789306640625
B189,-10,d1,4,4.0,3147.87109375
B189,-10,d1,5,5.0,99.83031463623047
B189,-10,d1,6,6.0,2821.382568359375
B189,-10,d1,7,7.0,2755.706298828125
B189,-10,d1,8,8.0,2433.1435546875
B189,-10,d1,9,9.0,72.87470245361328
B190,-10,d1,1,1.0,4979.63232421875
B190,-10,d1,2,2.0,4303.59423828125
B190,-10,d1,3,3.0,71.03981018066406
B190,-10,d1,4,4.0,548.5555419921875
B190,-10,d1,5,5.0,67.10417938232422
B190,-10,d1,6,6.0,1423.9107666015625
B190,-10,d1,7,7.0,1490.37548828125
B190,-10,d1,8,8.0,1320.585693359375
B190,-10,d1,9,9.0,55.426692962646484
B191,-10,d1,1,1.0,4374.57763671875
B191,-10,d1,2,2.0,3853.87939453125
B191,-10,d1,3,3.0,123.04476928710938
B191,-10,d1,4,4.0,2383.722900390625
B191,-10,d1,5,5.0,95.10651397705078
B191,-10,d1,6,6.0,2838.37451171875
B191,-10,d1,7,7.0,2945.0517578125
B191,-10,d1,8,8.0,2665.103759765625
B191,-10,d1,9,9.0,73.50656127929688
B192,-10,d1,1,1.0,5308.73681640625
B192,-10,d1,2,2.0,5098.1494140625
B192,-10,d1,3,3.0,157.63766479492188
B192,-10,d1,4,4.0,3842.736328125
B192,-10,d1,5,5.0,112.54354095458984
B192,-10,d1,6,6.0,3512.48681640625
B192,-10,d1,7,7.0,3405.96484375
B192,-10,d1,8,8.0,3072.6162109375
B192,-10,d1,9,9.0,84.84656524658203
B193,-10,d1,1,1.0,5564.43896484375
B193,-10,d1,2,2.0,5177.80029296875
B193,-10,d1,3,3.0,104.68588256835938
B193,-10,d1,4,4.0,1282.0325927734375
B193,-10,d1,5,5.0,77.17485809326172
B193,-10,d1,6,6.0,1815.676513671875
B193,-10,d1,7,7.0,1920.20947265625
B193,-10,d1,8,8.0,1691.9998779296875
B193,-10,d1,9,9.0,59.91981506347656
B194,-10,d1,1,1.0,2891.85595703125
B194,-10,d1,2,2.0,2565.30419921875
B194,-10,d1,3,3.0,101.19722747802734
B194,-10,d1,4,4.0,1508.35791015625
B194,-10,d1,5,5.0,73.07817077636719
B194,-10,d1,6,6.0,1294.9913330078125
B194,-10,d1,7,7.0,1191.9249267578125
B194,-10,d1,8,8.0,992.198974609375
B194,-10,d1,9,9.0,50.76976013183594
B195,-10,d1,1,1.0,410.66796875
B195,-10,d1,2,2.0,0.0
B195,-10,d1,3,3.0,40.13587951660156
B195,-10,d1,4,4.0,0.0
B195,-10,d1,5,5.0,37.97297286987305
B195,-10,d1,6,6.0,0.0
B195,-10,d1,7,7.0,0.0
B195,-10,d1,8,8.0,0.0
B195,-10,d1,9,9.0,27.60527229309082
B196,-10,d1,1,1.0,3961.83056640625
B196,-10,d1,2,2.0,3437.668701171875
B196,-10,d1,3,3.0,117.64672088623047
B196,-10,d1,4,4.0,2307.318603515625
B196,-10,d1,5,5.0,92.85816192626953
B196,-10,d1,6,6.0,2733.47900390625
B196,-10,d1,7,7.0,2793.502685546875
B196,-10,d1,8,8.0,2597.744140625
B196,-10,d1,9,9.0,74.80574035644531
B197,-10,d1,1,1.0,5489.4599609375
B197,-10,d1,2,2.0,5047.55029296875
B197,-10,d1,3,3.0,135.94349670410156
B197,-10,d1,4,4.0,2329.450927734375
B197,-10,d1,5,5.0,88.68344116210938
B197,-10,d1,6,6.0,2272.706787109375
B197,-10,d1,7,7.0,2190.698486328125
B197,-10,d1,8,8.0,1838.814208984375
B197,-10,d1,9,9.0,63.6671257019043
B198,-10,d1,1,1.0,1764.2056884765625
B198,-10,d1,2,2.0,1101.869140625
B198,-10,d1,3,3.0,72.29590606689453
B198,-10,d1,4,4.0,367.5907287597656
B198,-10,d1,5,5.0,52.30255889892578
B198,-10,d1,6,6.0,42.03215408325195
B198,-10,d1,7,7.0,0.0
B198,-10,d1,8,8.0,0.0
B198,-10,d1,9,9.0,28.48808479309082
B199,-10,d1,1,1.0,5212.0791015625
B199,-10,d1,2,2.0,5021.8251953125
B199,-10,d1,3,3.0,161.84625244140625
B199,-10,d1,4,4.0,4412.27587890625
B199,-10,d1,5,5.0,126.23192596435547
B199,-10,d1,6,6.0,4373.6259765625
B199,-10,d1,7,7.0,4314.76220703125
B199,-10,d1,8,8.0,4057.140380859375
B199,-10,d1,9,9.0,102.99471282958984
B200,-10,d1,1,1.0,2161.9580078125
B200,-10,d1,2,2.0,1697.071044921875
B200,-10,d1,3,3.0,86.66588592529297
B200,-10,d1,4,4.0,914.4451293945312
B200,-10,d1,5,5.0,60.86420822143555
B200,-10,d1,6,6.0,513.9400634765625
B200,-10,d1,7,7.0,383.1407470703125
B200,-10,d1,8,8.0,248.8090362548828
B200,-10,d1,9,9.0,39.71919250488281
B201,-10,d1,1,1.0,1015.9852294921875
B201,-10,d1,2,2.0,335.7769775390625
B201,-10,d1,3,3.0,45.18227005004883
B201,-10,d1,4,4.0,0.0
B201,-10,d1,5,5.0,39.71108627319336
B201,-10,d1,6,6.0,0.0
B201,-10,d1,7,7.0,0.0
B201,-10,d1,8,8.0,0.0
B201,-10,d1,9,9.0,30.13078498840332
B202,-10,d1,1,1.0,3677.3857421875
B202,-10,d1,2,2.0,3182.197021484375
B202,-10,d1,3,3.0,118.07611846923828
B202,-10,d1,4,4.0,2144.3505859375
B202,-10,d1,5,5.0,79.06134796142578
B202,-10,d1,6,6.0,1411.8465576171875
B202,-10,d1,7,7.0,1216.663330078125
B202,-10,d1,8,8.0,1016.4403686523438
B202,-10,d1,9,9.0,52.52787780761719
B203,-10,d1,1,1.0,4364.82177734375
B203,-10,d1,2,2.0,3783.702392578125
B203,-10,d1,3,3.0,120.61045837402344
B203,-10,d1,4,4.0,2268.1845703125
B203,-10,d1,5,5.0,83.92103576660156
B203,-10,d1,6,6.0,1823.3243408203125
B203,-10,d1,7,7.0,1748.6292724609375
B203,-10,d1,8,8.0,1527.7838134765625
B203,-10,d1,9,9.0,58.818302154541016
B204,-10,d1,1,1.0,3545.4296875
B204,-10,d1,2,2.0,2934.149169921875
B204,-10,d1,3,3.0,108.1565170288086
B204,-10,d1,4,4.0,1746.37451171875
B204,-10,d1,5,5.0,73.05305480957031
B204,-10,d1,6,6.0,1128.9517822265625
B204,-10,d1,7,7.0,967.790771484375
B204,-10,d1,8,8.0,811.915283203125
B204,-10,d1,9,9.0,48.64744567871094
B205,-10,d1,1,1.0,0.0
B205,-10,d1,2,2.0,0.0
B205,-10,d1,3,3.0,42.13224411010742
B205,-10,d1,4,4.0,0.0
B205,-10,d1,5,5.0,35.23712921142578
B205,-10,d1,6,6.0,0.0
B205,-10,d1,7,7.0,0.0
B205,-10,d1,8,8.0,0.0
B205,-10,d1,9,9.0,20.696338653564453
B206,-10,d1,1,1.0,260.25616455078125
B206,-10,d1,2,2.0,18.047273635864258
B206,-10,d1,3,3.0,53.79335021972656
B206,-10,d1,4,4.0,0.0
B206,-10,d1,5,5.0,43.368839263916016
B206,-10,d1,6,6.0,0.0
B206,-10,d1,7,7.0,0.0
B206,-10,d1,8,8.0,0.0
B206,-10,d1,9,9.0,30.274953842163086
B207,-10,d1,1,1.0,1621.207763671875
B207,-10,d1,2,2.0,1275.13330078125
B207,-10,d1,3,3.0,80.26525115966797
B207,-10,d1,4,4.0,690.8370971679688
B207,-10,d1,5,5.0,57.42554473876953
B207,-10,d1,6,6.0,352.0171203613281
B207,-10,d1,7,7.0,235.8275909423828
B207,-10,d1,8,8.0,110.54573059082031
B207,-10,d1,9,9.0,37.2631950378418
B208,-10,d1,1,1.0,2389.737548828125
B208,-10,d1,2,2.0,1610.5501708984375
B208,-10,d1,3,3.0,32.537235260009766
B208,-10,d1,4,4.0,0.0
B208,-10,d1,5,5.0,53.09644317626953
B208,-10,d1,6,6.0,290.3629150390625
B208,-10,d1,7,7.0,306.9898681640625
B208,-10,d1,8,8.0,202.7261199951172
B208,-10,d1,9,9.0,35.73371124267578
B209,-10,d1,1,1.0,2057.526123046875
B209,-10,d1,2,2.0,1690.67626953125
B209,-10,d1,3,3.0,88.28695678710938
B209,-10,d1,4,4.0,987.6417846679688
B209,-10,d1,5,5.0,61.95795440673828
B209,-10,d1,6,6.0,561.6253051757812
B209,-10,d1,7,7.0,411.7391357421875
B209,-10,d1,8,8.0,248.0301971435547
B209,-10,d1,9,9.0,38.34054183959961
B210,-10,d1,1,1.0,1793.543212890625
B210,-10,d1,2,2.0,1405.947998046875
B210,-10,d1,3,3.0,82.4986343383789
B210,-10,d1,4,4.0,723.7380981445312
B210,-10,d1,5,5.0,57.51765441894531
B210,-10,d1,6,6.0,327.226806640625
B210,-10,d1,7,7.0,204.9196014404297
B210,-10,d1,8,8.0,83.15837097167969
B210,-10,d1,9,9.0,37.082244873046875
B211,-10,d1,1,1.0,766.7683715820312
B211,-10,d1,2,2.0,396.4298400878906
B211,-10,d1,3,3.0,41.272987365722656
B211,-10,d1,4,4.0,0.0
B211,-10,d1,5,5.0,44.81838607788086
B211,-10,d1,6,6.0,0.0
B211,-10,d1,7,7.0,0.0
B211,-10,d1,8,8.0,0.0
B211,-10,d1,9,9.0,27.4675235748291
B212,-10,d1,1,1.0,3278.76611328125
B212,-10,d1,2,2.0,2718.519775390625
B212,-10,d1,3,3.0,107.71569061279297
B212,-10,d1,4,4.0,1736.19140625
B212,-10,d1,5,5.0,72.72395324707031
B212,-10,d1,6,6.0,1100.2884521484375
B212,-10,d1,7,7.0,917.7324829101562
B212,-10,d1,8,8.0,754.8522338867188
B212,-10,d1,9,9.0,48.74713897705078
B213,-10,d1,1,1.0,1590.415771484375
B213,-10,d1,2,2.0,1239.887939453125
B213,-10,d1,3,3.0,78.21189880371094
B213,-10,d1,4,4.0,616.6198120117188
B213,-10,d1,5,5.0,55.8204345703125
B213,-10,d1,6,6.0,225.24560546875
B213,-10,d1,7,7.0,102.52176666259766
B213,-10,d1,8,8.0,0.0
B213,-10,d1,9,9.0,34.76931381225586
B214,-10,d1,1,1.0,1140.48486328125
B214,-10,d1,2,2.0,814.06689453125
B214,-10,d1,3,3.0,70.61647033691406
B214,-10,d1,4,4.0,296.2021484375
B214,-10,d1,5,5.0,50.92222213745117
B214,-10,d1,6,6.0,9.923837661743164
B214,-10,d1,7,7.0,0.0
B214,-10,d1,8,8.0,0.0
B214,-10,d1,9,9.0,31.85642433166504
B215,-10,d1,1,1.0,2074.3974609375
B215,-10,d1,2,2.0,1556.9522705078125
B215,-10,d1,3,3.0,83.78047180175781
B215,-10,d1,4,4.0,856.7728271484375
B215,-10,d1,5,5.0,61.865936279296875
B215,-10,d1,6,6.0,651.3006591796875
B215,-10,d1,7,7.0,553.0545654296875
B215,-10,d1,8,8.0,456.57843017578125
B215,-10,d1,9,9.0,43.833229064941406
B216,-10,d1,1,1.0,331.8594970703125
B216,-10,d1,2,2.0,135.79428100585938
B216,-10,d1,3,3.0,58.372554779052734
B216,-10,d1,4,4.0,0.0
B216,-10,d1,5,5.0,43.140281677246094
B216,-10,d1,6,6.0,0.0
B216,-10,d1,7,7.0,0.0
B216,-10,d1,8,8.0,0.0
B216,-10,d1,9,9.0,26.548173904418945
B217,-10,d1,1,1.0,3979.5263671875
B217,-10,d1,2,2.0,3567.0810546875
B217,-10,d1,3,3.0,127.25931549072266
B217,-10,d1,4,4.0,2687.580322265625
B217,-10,d1,5,5.0,91.10436248779297
B217,-10,d1,6,6.0,2170.75341796875
B217,-10,d1,7,7.0,1953.5858154296875
B217,-10,d1,8,8.0,1661.6104736328125
B217,-10,d1,9,9.0,61.74146270751953
B218,-10,d1,1,1.0,1571.8323974609375
B218,-10,d1,2,2.0,883.1299438476562
B218,-10,d1,3,3.0,32.22502899169922
B218,-10,d1,4,4.0,0.0
B218,-10,d1,5,5.0,48.85842514038086
B218,-10,d1,6,6.0,0.0
B218,-10,d1,7,7.0,0.0
B218,-10,d1,8,8.0,0.0
B218,-10,d1,9,9.0,30.866357803344727
B219,-10,d1,1,1.0,2994.40234375
B219,-10,d1,2,2.0,2415.311767578125
B219,-10,d1,3,3.0,76.8814697265625
B219,-10,d1,4,4.0,1416.393798828125
B219,-10,d1,5,5.0,72.2374038696289
B219,-10,d1,6,6.0,1171.803466796875
B219,-10,d1,7,7.0,1014.8602905273438
B219,-10,d1,8,8.0,828.9837036132812
B219,-10,d1,9,9.0,46.6058464050293
B220,-10,d1,1,1.0,2875.708984375
B220,-10,d1,2,2.0,2213.212890625
B220,-10,d1,3,3.0,65.2308349609375
B220,-10,d1,4,4.0,1138.7349853515625
B220,-10,d1,5,5.0,65.35890197753906
B220,-10,d1,6,6.0,763.2319946289062
B220,-10,d1,7,7.0,629.1061401367188
B220,-10,d1,8,8.0,477.89996337890625
B220,-10,d1,9,9.0,40.834075927734375
B221,-10,d1,1,1.0,1011.927490234375
B221,-10,d1,2,2.0,757.6964721679688
B221,-10,d1,3,3.0,69.87971496582031
B221,-10,d1,4,4.0,370.9535217285156
B221,-10,d1,5,5.0,53.59843444824219
B221,-10,d1,6,6.0,179.7972869873047
B221,-10,d1,7,7.0,86.91352844238281
B221,-10,d1,8,8.0,0.6574094295501709
B221,-10,d1,9,9.0,35.628631591796875
B222,-10,d1,1,1.0,3328.962158203125
B222,-10,d1,2,2.0,2753.079833984375
B222,-10,d1,3,3.0,108.24505615234375
B222,-10,d1,4,4.0,1718.292236328125
B222,-10,d1,5,5.0,72.18363189697266
B222,-10,d1,6,6.0,1046.692626953125
B222,-10,d1,7,7.0,847.5518188476562
B222,-10,d1,8,8.0,667.2598876953125
B222,-10,d1,9,9.0,46.98908233642578
B223,-10,d1,1,1.0,3876.532958984375
B223,-10,d1,2,2.0,3278.538330078125
B223,-10,d1,3,3.0,113.50345611572266
B223,-10,d1,4,4.0,1915.6973876953125
B223,-10,d1,5,5.0,75.58480834960938
B223,-10,d1,6,6.0,1255.666259765625
B223,-10,d1,7,7.0,1095.6871337890625
B223,-10,d1,8,8.0,890.6678466796875
B223,-10,d1,9,9.0,48.69490051269531
B224,-10,d1,1,1.0,3605.0595703125
B224,-10,d1,2,2.0,3044.380126953125
B224,-10,d1,3,3.0,111.29618835449219
B224,-10,d1,4,4.0,1997.5521240234375
B224,-10,d1,5,5.0,80.29489135742188
B224,-10,d1,6,6.0,1628.608642578125
B224,-10,d1,7,7.0,1455.5113525390625
B224,-10,d1,8,8.0,1236.9395751953125
B224,-10,d1,9,9.0,53.71514129638672
B225,-10,d1,1,1.0,685.4642333984375
B225,-10,d1,2,2.0,533.2161865234375
B225,-10,d1,3,3.0,68.35694885253906
B225,-10,d1,4,4.0,290.5606689453125
B225,-10,d1,5,5.0,52.18675231933594
B225,-10,d1,6,6.0,114.93509674072266
B225,-10,d1,7,7.0,34.93907928466797
B225,-10,d1,8,8.0,0.0
B225,-10,d1,9,9.0,34.37871551513672
B226,-10,d1,1,1.0,2952.83984375
B226,-10,d1,2,2.0,2363.489501953125
B226,-10,d1,3,3.0,75.7820816040039
B226,-10,d1,4,4.0,1296.47314453125
B226,-10,d1,5,5.0,68.82927703857422
B226,-10,d1,6,6.0,977.93994140625
B226,-10,d1,7,7.0,828.1962890625
B226,-10,d1,8,8.0,667.4717407226562
B226,-10,d1,9,9.0,44.00676727294922
B227,-10,d1,1,1.0,3430.14404296875
B227,-10,d1,2,2.0,2910.169189453125
B227,-10,d1,3,3.0,113.9391860961914
B227,-10,d1,4,4.0,2021.461669921875
B227,-10,d1,5,5.0,77.53437042236328
B227,-10,d1,6,6.0,1348.959228515625
B227,-10,d1,7,7.0,1178.2357177734375
B227,-10,d1,8,8.0,983.734619140625
B227,-10,d1,9,9.0,51.50251770019531
B228,-10,d1,1,1.0,2441.92333984375
B228,-10,d1,2,2.0,2030.3284912109375
B228,-10,d1,3,3.0,94.15741729736328
B228,-10,d1,4,4.0,1192.5479736328125
B228,-10,d1,5,5.0,64.57604217529297
B228,-10,d1,6,6.0,674.483154296875
B228,-10,d1,7,7.0,523.1119384765625
B228,-10,d1,8,8.0,366.704833984375
B228,-10,d1,9,9.0,41.92414093017578
B229,-10,d1,1,1.0,4364.67578125
B229,-10,d1,2,2.0,3948.9296875
B229,-10,d1,3,3.0,130.96206665039062
B229,-10,d1,4,4.0,2617.242919921875
B229,-10,d1,5,5.0,87.34632873535156
B229,-10,d1,6,6.0,1852.0771484375
B229,-10,d1,7,7.0,1603.9107666015625
B229,-10,d1,8,8.0,1316.1436767578125
B229,-10,d1,9,9.0,55.724979400634766
B113,-20,w,1,1.0,355.4002990722656
B113,-20,w,2,2.0,0.0
B113,-20,w,3,3.0,341.3688049316406
B113,-20,w,4,4.0,0.0
B113,-20,w,5,5.0,334.0663146972656
B113,-20,w,6,6.0,0.0
B113,-20,w,7,7.0,0.0
B113,-20,w,8,8.0,0.0
B113,-20,w,9,9.0,294.53265380859375
B114,-20,w,1,1.0,353.5164489746094
B114,-20,w,2,2.0,0.0
B114,-20,w,3,3.0,336.40740966796875
B114,-20,w,4,4.0,0.0
B114,-20,w,5,5.0,328.683837890625
B114,-20,w,6,6.0,0.0
B114,-20,w,7,7.0,0.0
B114,-20,w,8,8.0,0.0
B114,-20,w,9,9.0,284.0982971191406
B116,-20,w,1,1.0,374.3006591796875
B116,-20,w,2,2.0,0.0
B116,-20,w,3,3.0,357.9035949707031
B116,-20,w,4,4.0,0.0
B116,-20,w,5,5.0,349.86773681640625
B116,-20,w,6,6.0,0.0
B116,-20,w,7,7.0,0.0
B116,-20,w,8,8.0,0.0
B116,-20,w,9,9.0,318.6412048339844
B117,-20,w,1,1.0,573.4489135742188
B117,-20,w,2,2.0,2208.533203125
B117,-20,w,3,3.0,540.2948608398438
B117,-20,w,4,4.0,2035.370849609375
B117,-20,w,5,5.0,525.8226928710938
B117,-20,w,6,6.0,2035.788818359375
B117,-20,w,7,7.0,2047.881591796875
B117,-20,w,8,8.0,2012.46240234375
B117,-20,w,9,9.0,525.7633666992188
B118,-20,w,1,1.0,630.8328857421875
B118,-20,w,2,2.0,3075.6875
B118,-20,w,3,3.0,603.4361572265625
B118,-20,w,4,4.0,2799.495849609375
B118,-20,w,5,5.0,583.18115234375
B118,-20,w,6,6.0,2848.625
B118,-20,w,7,7.0,2919.563232421875
B118,-20,w,8,8.0,2952.752685546875
B118,-20,w,9,9.0,612.2021484375
B119,-20,w,1,1.0,602.3241577148438
B119,-20,w,2,2.0,2758.40185546875
B119,-20,w,3,3.0,588.3076171875
B119,-20,w,4,4.0,2700.00927734375
B119,-20,w,5,5.0,575.9469604492188
B119,-20,w,6,6.0,2646.591552734375
B119,-20,w,7,7.0,2553.479248046875
B119,-20,w,8,8.0,2413.07080078125
B119,-20,w,9,9.0,556.1323852539062
B123,-10,w,1,1.0,342.1145935058594
B123,-10,w,2,2.0,0.0
B123,-10,w,3,3.0,327.57305908203125
B123,-10,w,4,4.0,0.0
B123,-10,w,5,5.0,320.849609375
B123,-10,w,6,6.0,0.0
B123,-10,w,7,7.0,0.0
B123,-10,w,8,8.0,0.0
B123,-10,w,9,9.0,276.3597412109375
B124,-10,w,1,1.0,343.9866027832031
B124,-10,w,2,2.0,0.0
B124,-10,w,3,3.0,327.3753662109375
B124,-10,w,4,4.0,0.0
B124,-10,w,5,5.0,319.57513427734375
B124,-10,w,6,6.0,0.0
B124,-10,w,7,7.0,0.0
B124,-10,w,8,8.0,0.0
B124,-10,w,9,9.0,273.1905517578125
B125,-10,w,1,1.0,302.87225341796875
B125,-10,w,2,2.0,0.0
B125,-10,w,3,3.0,286.3854064941406
B125,-10,w,4,4.0,0.0
B125,-10,w,5,5.0,278.70458984375
B125,-10,w,6,6.0,0.0
B125,-10,w,7,7.0,0.0
B125,-10,w,8,8.0,0.0
B125,-10,w,9,9.0,225.52159118652344
B126,-10,w,1,1.0,365.2247009277344
B126,-10,w,2,2.0,0.0
B126,-10,w,3,3.0,347.20074462890625
B126,-10,w,4,4.0,0.0
B126,-10,w,5,5.0,339.05145263671875
B126,-10,w,6,6.0,0.0
B126,-10,w,7,7.0,0.0
B126,-10,w,8,8.0,0.0
B126,-10,w,9,9.0,302.4247741699219
B127,-10,w,1,1.0,520.4431762695312
B127,-10,w,2,2.0,1513.136474609375
B127,-10,w,3,3.0,487.7808837890625
B127,-10,w,4,4.0,1304.4053955078125
B127,-10,w,5,5.0,471.1767883300781
B127,-10,w,6,6.0,1314.12451171875
B127,-10,w,7,7.0,1376.5552978515625
B127,-10,w,8,8.0,1435.9385986328125
B127,-10,w,9,9.0,481.6103515625
B128,-10,w,1,1.0,628.8184814453125
B128,-10,w,2,2.0,2958.5
B128,-10,w,3,3.0,588.8621215820312
B128,-10,w,4,4.0,2558.843017578125
B128,-10,w,5,5.0,565.2192993164062
B128,-10,w,6,6.0,2640.941650390625
B128,-10,w,7,7.0,2749.18505859375
B128,-10,w,8,8.0,2808.8154296875
B128,-10,w,9,9.0,599.5247802734375
B132,-10,w,1,1.0,324.2941589355469
B132,-10,w,2,2.0,0.0
B132,-10,w,3,3.0,309.5267333984375
B132,-10,w,4,4.0,0.0
B132,-10,w,5,5.0,300.494384765625
B132,-10,w,6,6.0,0.0
B132,-10,w,7,7.0,0.0
B132,-10,w,8,8.0,0.0
B132,-10,w,9,9.0,248.85076904296875
B134,-10,w,1,1.0,369.9456787109375
B134,-10,w,2,2.0,0.0
B134,-10,w,3,3.0,351.1708679199219
B134,-10,w,4,4.0,0.0
B134,-10,w,5,5.0,341.7869873046875
B134,-10,w,6,6.0,0.0
B134,-10,w,7,7.0,0.0
B134,-10,w,8,8.0,0.0
B134,-10,w,9,9.0,304.2622985839844
B135,-10,w,1,1.0,514.8766479492188
B135,-10,w,2,2.0,1262.9381103515625
B135,-10,w,3,3.0,463.1416931152344
B135,-10,w,4,4.0,881.1642456054688
B135,-10,w,5,5.0,432.9219970703125
B135,-10,w,6,6.0,725.9634399414062
B135,-10,w,7,7.0,737.3339233398438
B135,-10,w,8,8.0,752.191162109375
B135,-10,w,9,9.0,417.87469482421875
B136,-10,w,1,1.0,532.2726440429688
B136,-10,w,2,2.0,1771.23779296875
B136,-10,w,3,3.0,513.3989868164062
B136,-10,w,4,4.0,1729.336181640625
B136,-10,w,5,5.0,503.30413818359375
B136,-10,w,6,6.0,1650.246337890625
B136,-10,w,7,7.0,1539.6170654296875
B136,-10,w,8,8.0,1394.5550537109375
B136,-10,w,9,9.0,466.7364501953125
B137,-10,w,1,1.0,680.4270629882812
B137,-10,w,2,2.0,3619.7333984375
B137,-10,w,3,3.0,639.5406494140625
B137,-10,w,4,4.0,3179.388427734375
B137,-10,w,5,5.0,597.2911376953125
B137,-10,w,6,6.0,2838.78369140625
B137,-10,w,7,7.0,2716.611328125
B137,-10,w,8,8.0,2580.1767578125
B137,-10,w,9,9.0,570.0093383789062
B138,-10,w,1,1.0,640.453125
B138,-10,w,2,2.0,2756.28173828125
B138,-10,w,3,3.0,565.7647094726562
B138,-10,w,4,4.0,2207.681884765625
B138,-10,w,5,5.0,533.702880859375
B138,-10,w,6,6.0,2136.275390625
B138,-10,w,7,7.0,2198.8486328125
B138,-10,w,8,8.0,2196.55126953125
B138,-10,w,9,9.0,543.2985229492188
B143,0,w,1,1.0,341.6492614746094
B143,0,w,2,2.0,0.0
B143,0,w,3,3.0,328.65594482421875
B143,0,w,4,4.0,0.0
B143,0,w,5,5.0,321.02215576171875
B143,0,w,6,6.0,0.0
B143,0,w,7,7.0,0.0
B143,0,w,8,8.0,0.0
B143,0,w,9,9.0,272.79425048828125
B144,0,w,1,1.0,273.5628967285156
B144,0,w,2,2.0,0.0
B144,0,w,3,3.0,252.98452758789062
B144,0,w,4,4.0,0.0
B144,0,w,5,5.0,251.90350341796875
B144,0,w,6,6.0,0.0
B144,0,w,7,7.0,0.0
B144,0,w,8,8.0,0.0
B144,0,w,9,9.0,207.94186401367188
B151,-20,w,1,1.0,621.7235717773438
B151,-20,w,2,2.0,3029.681640625
B151,-20,w,3,3.0,599.8359985351562
B151,-20,w,4,4.0,2701.045166015625
B151,-20,w,5,5.0,570.0751342773438
B151,-20,w,6,6.0,2573.873046875
B151,-20,w,7,7.0,2535.74853515625
B151,-20,w,8,8.0,2454.592529296875
B151,-20,w,9,9.0,560.863037109375
B166,-10,w,1,1.0,377.71295166015625
B166,-10,w,2,2.0,0.0
B166,-10,w,3,3.0,336.7240905761719
B166,-10,w,4,4.0,0.0
B166,-10,w,5,5.0,323.33282470703125
B166,-10,w,6,6.0,0.0
B166,-10,w,7,7.0,0.0
B166,-10,w,8,8.0,0.0
B166,-10,w,9,9.0,269.3117980957031
B168,-10,w,1,1.0,428.92144775390625
B168,-10,w,2,2.0,425.5287170410156
B168,-10,w,3,3.0,410.51934814453125
B168,-10,w,4,4.0,349.79559326171875
B168,-10,w,5,5.0,402.3505554199219
B168,-10,w,6,6.0,376.69366455078125
B168,-10,w,7,7.0,398.3504638671875
B168,-10,w,8,8.0,399.9238586425781
B168,-10,w,9,9.0,386.3961486816406
B169,-10,w,1,1.0,396.88311767578125
B169,-10,w,2,2.0,0.0
B169,-10,w,3,3.0,377.3444519042969
B169,-10,w,4,4.0,0.0
B169,-10,w,5,5.0,367.1137390136719
B169,-10,w,6,6.0,0.0
B169,-10,w,7,7.0,0.0
B169,-10,w,8,8.0,0.0
B169,-10,w,9,9.0,341.1406555175781
B170,-10,w,1,1.0,380.6665344238281
B170,-10,w,2,2.0,0.0
B170,-10,w,3,3.0,363.83050537109375
B170,-10,w,4,4.0,0.0
B170,-10,w,5,5.0,354.7838439941406
B170,-10,w,6,6.0,0.0
B170,-10,w,7,7.0,0.0
B170,-10,w,8,8.0,0.0
B170,-10,w,9,9.0,324.68927001953125
B171,-10,w,1,1.0,344.1588439941406
B171,-10,w,2,2.0,0.0
B171,-10,w,3,3.0,330.2735595703125
B171,-10,w,4,4.0,0.0
B171,-10,w,5,5.0,322.4638977050781
B171,-10,w,6,6.0,0.0
B171,-10,w,7,7.0,0.0
B171,-10,w,8,8.0,0.0
B171,-10,w,9,9.0,275.6024475097656
B173,-10,w,1,1.0,379.23748779296875
B173,-10,w,2,2.0,0.0
B173,-10,w,3,3.0,363.75152587890625
B173,-10,w,4,4.0,0.0
B173,-10,w,5,5.0,355.64288330078125
B173,-10,w,6,6.0,0.0
B173,-10,w,7,7.0,0.0
B173,-10,w,8,8.0,0.0
B173,-10,w,9,9.0,327.3267517089844
B174,-10,w,1,1.0,279.656005859375
B174,-10,w,2,2.0,0.0
B174,-10,w,3,3.0,259.92828369140625
B174,-10,w,4,4.0,0.0
B174,-10,w,5,5.0,258.3851318359375
B174,-10,w,6,6.0,0.0
B174,-10,w,7,7.0,0.0
B174,-10,w,8,8.0,0.0
B174,-10,w,9,9.0,213.64688110351562
B176,-10,w,1,1.0,572.0101318359375
B176,-10,w,2,2.0,2022.60400390625
B176,-10,w,3,3.0,524.3298950195312
B176,-10,w,4,4.0,1822.4329833984375
B176,-10,w,5,5.0,513.6971435546875
B176,-10,w,6,6.0,1910.669921875
B176,-10,w,7,7.0,1945.3349609375
B176,-10,w,8,8.0,1935.9783935546875
B176,-10,w,9,9.0,520.9869384765625
B177,-10,w,1,1.0,517.9246826171875
B177,-10,w,2,2.0,1359.3297119140625
B177,-10,w,3,3.0,478.2962646484375
B177,-10,w,4,4.0,1280.519287109375
B177,-10,w,5,5.0,475.98529052734375
B177,-10,w,6,6.0,1422.176025390625
B177,-10,w,7,7.0,1449.515625
B177,-10,w,8,8.0,1411.1904296875
B177,-10,w,9,9.0,472.23211669921875
B178,-10,w,1,1.0,662.327880859375
B178,-10,w,2,2.0,3140.85693359375
B178,-10,w,3,3.0,596.1986694335938
B178,-10,w,4,4.0,2588.536865234375
B178,-10,w,5,5.0,564.3706665039062
B178,-10,w,6,6.0,2584.91943359375
B178,-10,w,7,7.0,2668.04736328125
B178,-10,w,8,8.0,2699.879638671875
B178,-10,w,9,9.0,587.8878784179688
B180,-10,w,1,1.0,625.3145751953125
B180,-10,w,2,2.0,3162.565185546875
B180,-10,w,3,3.0,619.1259155273438
B180,-10,w,4,4.0,3034.91748046875
B180,-10,w,5,5.0,595.1934204101562
B180,-10,w,6,6.0,2872.790771484375
B180,-10,w,7,7.0,2791.779541015625
B180,-10,w,8,8.0,2707.669677734375
B180,-10,w,9,9.0,586.2880859375
B181,-10,w,1,1.0,548.9774780273438
B181,-10,w,2,2.0,1891.6533203125
B181,-10,w,3,3.0,516.9583740234375
B181,-10,w,4,4.0,1680.1302490234375
B181,-10,w,5,5.0,497.27044677734375
B181,-10,w,6,6.0,1634.10400390625
B181,-10,w,7,7.0,1643.6181640625
B181,-10,w,8,8.0,1636.6279296875
B181,-10,w,9,9.0,495.2884216308594
B182,-10,w,1,1.0,469.5495910644531
B182,-10,w,2,2.0,578.4297485351562
B182,-10,w,3,3.0,409.5666198730469
B182,-10,w,4,4.0,158.4457550048828
B182,-10,w,5,5.0,376.0340576171875
B182,-10,w,6,6.0,0.0
B182,-10,w,7,7.0,0.0
B182,-10,w,8,8.0,0.0
B182,-10,w,9,9.0,318.2062072753906
B183,-10,w,1,1.0,461.3045959472656
B183,-10,w,2,2.0,875.3300170898438
B183,-10,w,3,3.0,448.6557922363281
B183,-10,w,4,4.0,834.6625366210938
B183,-10,w,5,5.0,432.291748046875
B183,-10,w,6,6.0,732.2372436523438
B183,-10,w,7,7.0,724.0117797851562
B183,-10,w,8,8.0,656.7025756835938
B183,-10,w,9,9.0,401.7406921386719
B184,-10,w,1,1.0,666.6682739257812
B184,-10,w,2,2.0,3438.26904296875
B184,-10,w,3,3.0,625.1192626953125
B184,-10,w,4,4.0,3019.761474609375
B184,-10,w,5,5.0,597.3372192382812
B184,-10,w,6,6.0,3033.384033203125
B184,-10,w,7,7.0,3096.120361328125
B184,-10,w,8,8.0,3114.2626953125
B184,-10,w,9,9.0,625.1681518554688
B185,-10,w,1,1.0,675.893310546875
B185,-10,w,2,2.0,3705.370849609375
B185,-10,w,3,3.0,650.0462036132812
B185,-10,w,4,4.0,3400.7138671875
B185,-10,w,5,5.0,628.0054931640625
B185,-10,w,6,6.0,3444.772705078125
B185,-10,w,7,7.0,3474.109619140625
B185,-10,w,8,8.0,3462.15966796875
B185,-10,w,9,9.0,654.3878784179688
B186,-10,w,1,1.0,571.509033203125
B186,-10,w,2,2.0,1773.356689453125
B186,-10,w,3,3.0,499.45062255859375
B186,-10,w,4,4.0,1417.9771728515625
B186,-10,w,5,5.0,476.4964904785156
B186,-10,w,6,6.0,1317.3194580078125
B186,-10,w,7,7.0,1288.7801513671875
B186,-10,w,8,8.0,1236.6051025390625
B186,-10,w,9,9.0,457.0575866699219
B187,-10,w,1,1.0,647.5939331054688
B187,-10,w,2,2.0,3357.83544921875
B187,-10,w,3,3.0,612.9889526367188
B187,-10,w,4,4.0,2749.7451171875
B187,-10,w,5,5.0,570.753662109375
B187,-10,w,6,6.0,2597.111083984375
B187,-10,w,7,7.0,2573.052978515625
B187,-10,w,8,8.0,2477.9404296875
B187,-10,w,9,9.0,558.6516723632812
B188,-10,w,1,1.0,613.9654541015625
B188,-10,w,2,2.0,2859.486083984375
B188,-10,w,3,3.0,587.5516967773438
B188,-10,w,4,4.0,2590.333984375
B188,-10,w,5,5.0,565.1893310546875
B188,-10,w,6,6.0,2522.52587890625
B188,-10,w,7,7.0,2486.59130859375
B188,-10,w,8,8.0,2411.45947265625
B188,-10,w,9,9.0,558.1607666015625
B189,-10,w,1,1.0,655.4116821289062
B189,-10,w,2,2.0,3357.580078125
B189,-10,w,3,3.0,622.8917846679688
B189,-10,w,4,4.0,3027.275146484375
B189,-10,w,5,5.0,599.790283203125
B189,-10,w,6,6.0,3078.466796875
B189,-10,w,7,7.0,3136.529052734375
B189,-10,w,8,8.0,3157.010986328125
B189,-10,w,9,9.0,629.8595581054688
B190,-10,w,1,1.0,663.6806640625
B190,-10,w,2,2.0,3001.16064453125
B190,-10,w,3,3.0,579.42724609375
B190,-10,w,4,4.0,2359.63330078125
B190,-10,w,5,5.0,544.1273803710938
B190,-10,w,6,6.0,2212.119873046875
B190,-10,w,7,7.0,2134.6435546875
B190,-10,w,8,8.0,2037.8455810546875
B190,-10,w,9,9.0,525.3229370117188
B191,-10,w,1,1.0,653.4532470703125
B191,-10,w,2,2.0,3622.734130859375
B191,-10,w,3,3.0,650.767578125
B191,-10,w,4,4.0,3399.859619140625
B191,-10,w,5,5.0,623.1563110351562
B191,-10,w,6,6.0,3309.42626953125
B191,-10,w,7,7.0,3294.835205078125
B191,-10,w,8,8.0,3230.992431640625
B191,-10,w,9,9.0,631.5488891601562
B192,-10,w,1,1.0,654.8724975585938
B192,-10,w,2,2.0,3480.016845703125
B192,-10,w,3,3.0,635.9279174804688
B192,-10,w,4,4.0,3250.086669921875
B192,-10,w,5,5.0,618.2171020507812
B192,-10,w,6,6.0,3329.821044921875
B192,-10,w,7,7.0,3393.2724609375
B192,-10,w,8,8.0,3414.919921875
B192,-10,w,9,9.0,652.7393188476562
B193,-10,w,1,1.0,680.1766967773438
B193,-10,w,2,2.0,3572.582763671875
B193,-10,w,3,3.0,627.0562744140625
B193,-10,w,4,4.0,2963.46533203125
B193,-10,w,5,5.0,589.0558471679688
B193,-10,w,6,6.0,2845.744140625
B193,-10,w,7,7.0,2815.884033203125
B193,-10,w,8,8.0,2774.1220703125
B193,-10,w,9,9.0,593.0361328125
B194,-10,w,1,1.0,591.9948120117188
B194,-10,w,2,2.0,2585.123046875
B194,-10,w,3,3.0,569.8880004882812
B194,-10,w,4,4.0,2423.37939453125
B194,-10,w,5,5.0,554.8130493164062
B194,-10,w,6,6.0,2365.5
B194,-10,w,7,7.0,2297.913330078125
B194,-10,w,8,8.0,2198.923095703125
B194,-10,w,9,9.0,540.211181640625
B195,-10,w,1,1.0,474.1689147949219
B195,-10,w,2,2.0,492.3502502441406
B195,-10,w,3,3.0,400.32379150390625
B195,-10,w,4,4.0,99.61217498779297
B195,-10,w,5,5.0,373.1972351074219
B195,-10,w,6,6.0,0.0
B195,-10,w,7,7.0,0.0
B195,-10,w,8,8.0,0.0
B195,-10,w,9,9.0,303.7264404296875
B196,-10,w,1,1.0,644.6156616210938
B196,-10,w,2,2.0,3471.416015625
B196,-10,w,3,3.0,642.2427978515625
B196,-10,w,4,4.0,3371.327392578125
B196,-10,w,5,5.0,625.0227661132812
B196,-10,w,6,6.0,3356.261474609375
B196,-10,w,7,7.0,3347.051513671875
B196,-10,w,8,8.0,3289.741943359375
B196,-10,w,9,9.0,637.715576171875
B197,-10,w,1,1.0,655.1286010742188
B197,-10,w,2,2.0,3285.5205078125
B197,-10,w,3,3.0,614.164306640625
B197,-10,w,4,4.0,2941.533935546875
B197,-10,w,5,5.0,593.7398071289062
B197,-10,w,6,6.0,2976.709716796875
B197,-10,w,7,7.0,2999.700439453125
B197,-10,w,8,8.0,2961.49853515625
B197,-10,w,9,9.0,609.2525634765625
B198,-10,w,1,1.0,454.9017639160156
B198,-10,w,2,2.0,707.048095703125
B198,-10,w,3,3.0,429.9716491699219
B198,-10,w,4,4.0,601.2738647460938
B198,-10,w,5,5.0,421.84405517578125
B198,-10,w,6,6.0,660.5765991210938
B198,-10,w,7,7.0,698.7469482421875
B198,-10,w,8,8.0,681.141845703125
B198,-10,w,9,9.0,408.64666748046875
B199,-10,w,1,1.0,650.60400390625
B199,-10,w,2,2.0,3494.950927734375
B199,-10,w,3,3.0,644.8078002929688
B199,-10,w,4,4.0,3431.802001953125
B199,-10,w,5,5.0,631.946533203125
B199,-10,w,6,6.0,3458.0029296875
B199,-10,w,7,7.0,3440.198486328125
B199,-10,w,8,8.0,3391.29541015625
B199,-10,w,9,9.0,647.7672119140625
B200,-10,w,1,1.0,513.1648559570312
B200,-10,w,2,2.0,1432.9168701171875
B200,-10,w,3,3.0,481.56353759765625
B200,-10,w,4,4.0,1222.83203125
B200,-10,w,5,5.0,464.9753723144531
B200,-10,w,6,6.0,1217.8682861328125
B200,-10,w,7,7.0,1251.921142578125
B200,-10,w,8,8.0,1279.79541015625
B200,-10,w,9,9.0,466.4912414550781
B201,-10,w,1,1.0,448.0750427246094
B201,-10,w,2,2.0,477.46282958984375
B201,-10,w,3,3.0,411.4828186035156
B201,-10,w,4,4.0,324.2984313964844
B201,-10,w,5,5.0,396.4320373535156
B201,-10,w,6,6.0,239.141845703125
B201,-10,w,7,7.0,198.05633544921875
B201,-10,w,8,8.0,147.0770263671875
B201,-10,w,9,9.0,360.4723815917969
B202,-10,w,1,1.0,590.6728515625
B202,-10,w,2,2.0,2430.654052734375
B202,-10,w,3,3.0,553.119384765625
B202,-10,w,4,4.0,2163.6943359375
B202,-10,w,5,5.0,535.296630859375
B202,-10,w,6,6.0,2192.341064453125
B202,-10,w,7,7.0,2250.395263671875
B202,-10,w,8,8.0,2305.86474609375
B202,-10,w,9,9.0,556.1427612304688
B203,-10,w,1,1.0,618.3010864257812
B203,-10,w,2,2.0,2708.53173828125
B203,-10,w,3,3.0,568.2334594726562
B203,-10,w,4,4.0,2255.69970703125
B203,-10,w,5,5.0,535.4644165039062
B203,-10,w,6,6.0,2136.333251953125
B203,-10,w,7,7.0,2165.62646484375
B203,-10,w,8,8.0,2160.91064453125
B203,-10,w,9,9.0,539.5264892578125
B204,-10,w,1,1.0,590.0341186523438
B204,-10,w,2,2.0,2392.334228515625
B204,-10,w,3,3.0,550.080322265625
B204,-10,w,4,4.0,2098.677734375
B204,-10,w,5,5.0,530.0756225585938
B204,-10,w,6,6.0,2125.155029296875
B204,-10,w,7,7.0,2206.293212890625
B204,-10,w,8,8.0,2273.2470703125
B204,-10,w,9,9.0,553.9380493164062
B205,-10,w,1,1.0,323.383056640625
B205,-10,w,2,2.0,0.0
B205,-10,w,3,3.0,304.51177978515625
B205,-10,w,4,4.0,0.0
B205,-10,w,5,5.0,290.29541015625
B205,-10,w,6,6.0,0.0
B205,-10,w,7,7.0,0.0
B205,-10,w,8,8.0,0.0
B205,-10,w,9,9.0,232.60435485839844
B206,-10,w,1,1.0,397.65716552734375
B206,-10,w,2,2.0,0.0
B206,-10,w,3,3.0,372.64556884765625
B206,-10,w,4,4.0,0.0
B206,-10,w,5,5.0,357.0418395996094
B206,-10,w,6,6.0,0.0
B206,-10,w,7,7.0,0.0
B206,-10,w,8,8.0,0.0
B206,-10,w,9,9.0,305.7577209472656
B207,-10,w,1,1.0,481.04986572265625
B207,-10,w,2,2.0,1080.656494140625
B207,-10,w,3,3.0,458.1158142089844
B207,-10,w,4,4.0,943.5380859375
B207,-10,w,5,5.0,444.2450256347656
B207,-10,w,6,6.0,935.68212890625
B207,-10,w,7,7.0,969.5128173828125
B207,-10,w,8,8.0,988.8424682617188
B207,-10,w,9,9.0,439.29296875
B208,-10,w,1,1.0,462.3896789550781
B208,-10,w,2,2.0,498.7791748046875
B208,-10,w,3,3.0,404.9608459472656
B208,-10,w,4,4.0,91.5980453491211
B208,-10,w,5,5.0,370.6924133300781
B208,-10,w,6,6.0,0.0
B208,-10,w,7,7.0,0.0
B208,-10,w,8,8.0,0.0
B208,-10,w,9,9.0,313.31787109375
B209,-10,w,1,1.0,498.6484069824219
B209,-10,w,2,2.0,1187.3594970703125
B209,-10,w,3,3.0,463.15057373046875
B209,-10,w,4,4.0,982.8350219726562
B209,-10,w,5,5.0,445.85791015625
B209,-10,w,6,6.0,953.8045043945312
B209,-10,w,7,7.0,986.8681640625
B209,-10,w,8,8.0,1000.732177734375
B209,-10,w,9,9.0,437.6030578613281
B210,-10,w,1,1.0,491.11737060546875
B210,-10,w,2,2.0,1171.8665771484375
B210,-10,w,3,3.0,462.0959167480469
B210,-10,w,4,4.0,966.892822265625
B210,-10,w,5,5.0,445.2702331542969
B210,-10,w,6,6.0,942.4885864257812
B210,-10,w,7,7.0,973.9111938476562
B210,-10,w,8,8.0,1008.8441162109375
B210,-10,w,9,9.0,442.4776306152344
B211,-10,w,1,1.0,404.56591796875
B211,-10,w,2,2.0,0.0
B211,-10,w,3,3.0,373.4114990234375
B211,-10,w,4,4.0,0.0
B211,-10,w,5,5.0,354.0129699707031
B211,-10,w,6,6.0,0.0
B211,-10,w,7,7.0,0.0
B211,-10,w,8,8.0,0.0
B211,-10,w,9,9.0,316.56292724609375
B212,-10,w,1,1.0,585.1865844726562
B212,-10,w,2,2.0,2374.4892578125
B212,-10,w,3,3.0,550.6924438476562
B212,-10,w,4,4.0,2144.0771484375
B212,-10,w,5,5.0,534.5353393554688
B212,-10,w,6,6.0,2189.3994140625
B212,-10,w,7,7.0,2259.4619140625
B212,-10,w,8,8.0,2307.584228515625
B212,-10,w,9,9.0,556.5919799804688
B213,-10,w,1,1.0,475.8527526855469
B213,-10,w,2,2.0,1019.3529052734375
B213,-10,w,3,3.0,453.5148010253906
B213,-10,w,4,4.0,877.7535400390625
B213,-10,w,5,5.0,438.7967529296875
B213,-10,w,6,6.0,853.2901000976562
B213,-10,w,7,7.0,883.2474365234375
B213,-10,w,8,8.0,904.770751953125
B213,-10,w,9,9.0,433.5347900390625
B214,-10,w,1,1.0,440.4974365234375
B214,-10,w,2,2.0,527.9940185546875
B214,-10,w,3,3.0,416.78802490234375
B214,-10,w,4,4.0,388.3479919433594
B214,-10,w,5,5.0,401.505615234375
B214,-10,w,6,6.0,334.38385009765625
B214,-10,w,7,7.0,344.99359130859375
B214,-10,w,8,8.0,346.4313049316406
B214,-10,w,9,9.0,381.8003234863281
B215,-10,w,1,1.0,495.1290588378906
B215,-10,w,2,2.0,1210.10498046875
B215,-10,w,3,3.0,469.14361572265625
B215,-10,w,4,4.0,1146.1319580078125
B215,-10,w,5,5.0,464.1732482910156
B215,-10,w,6,6.0,1246.3668212890625
B215,-10,w,7,7.0,1277.9991455078125
B215,-10,w,8,8.0,1276.6995849609375
B215,-10,w,9,9.0,462.5094299316406
B216,-10,w,1,1.0,425.70611572265625
B216,-10,w,2,2.0,361.5048522949219
B216,-10,w,3,3.0,404.8790588378906
B216,-10,w,4,4.0,266.7389831542969
B216,-10,w,5,5.0,394.6125793457031
B216,-10,w,6,6.0,264.8868103027344
B216,-10,w,7,7.0,294.36553955078125
B216,-10,w,8,8.0,307.8433837890625
B216,-10,w,9,9.0,378.6411437988281
B217,-10,w,1,1.0,594.7796020507812
B217,-10,w,2,2.0,2564.01611328125
B217,-10,w,3,3.0,563.763427734375
B217,-10,w,4,4.0,2228.71630859375
B217,-10,w,5,5.0,533.55078125
B217,-10,w,6,6.0,2083.421142578125
B217,-10,w,7,7.0,2080.714599609375
B217,-10,w,8,8.0,2024.484375
B217,-10,w,9,9.0,526.093994140625
B218,-10,w,1,1.0,421.97296142578125
B218,-10,w,2,2.0,50.86750411987305
B218,-10,w,3,3.0,375.8900451660156
B218,-10,w,4,4.0,0.0
B218,-10,w,5,5.0,349.2154846191406
B218,-10,w,6,6.0,0.0
B218,-10,w,7,7.0,0.0
B218,-10,w,8,8.0,0.0
B218,-10,w,9,9.0,302.2268981933594
B219,-10,w,1,1.0,538.2929077148438
B219,-10,w,2,2.0,1730.377197265625
B219,-10,w,3,3.0,503.428466796875
B219,-10,w,4,4.0,1460.13134765625
B219,-10,w,5,5.0,477.64813232421875
B219,-10,w,6,6.0,1333.0108642578125
B219,-10,w,7,7.0,1316.760498046875
B219,-10,w,8,8.0,1297.048095703125
B219,-10,w,9,9.0,462.9842529296875
B220,-10,w,1,1.0,513.1445922851562
B220,-10,w,2,2.0,1262.3743896484375
B220,-10,w,3,3.0,462.4686584472656
B220,-10,w,4,4.0,870.5363159179688
B220,-10,w,5,5.0,430.60284423828125
B220,-10,w,6,6.0,676.6610107421875
B220,-10,w,7,7.0,645.568359375
B220,-10,w,8,8.0,619.12060546875
B220,-10,w,9,9.0,401.96954345703125
B221,-10,w,1,1.0,460.1896667480469
B221,-10,w,2,2.0,818.6417846679688
B221,-10,w,3,3.0,440.1305236816406
B221,-10,w,4,4.0,744.5679321289062
B221,-10,w,5,5.0,431.5074157714844
B221,-10,w,6,6.0,773.4475708007812
B221,-10,w,7,7.0,794.1704711914062
B221,-10,w,8,8.0,787.5429077148438
B221,-10,w,9,9.0,420.2985534667969
B222,-10,w,1,1.0,570.40185546875
B222,-10,w,2,2.0,2115.17578125
B222,-10,w,3,3.0,531.8449096679688
B222,-10,w,4,4.0,1920.923583984375
B222,-10,w,5,5.0,520.3228149414062
B222,-10,w,6,6.0,2012.02587890625
B222,-10,w,7,7.0,2098.635009765625
B222,-10,w,8,8.0,2150.05419921875
B222,-10,w,9,9.0,542.3736572265625
B223,-10,w,1,1.0,605.756591796875
B223,-10,w,2,2.0,2554.53759765625
B223,-10,w,3,3.0,556.8186645507812
B223,-10,w,4,4.0,2217.743896484375
B223,-10,w,5,5.0,541.5358276367188
B223,-10,w,6,6.0,2324.740966796875
B223,-10,w,7,7.0,2440.853759765625
B223,-10,w,8,8.0,2501.625244140625
B223,-10,w,9,9.0,572.0453491210938
B224,-10,w,1,1.0,568.0817260742188
B224,-10,w,2,2.0,2082.602783203125
B224,-10,w,3,3.0,526.0709228515625
B224,-10,w,4,4.0,1710.0755615234375
B224,-10,w,5,5.0,492.4158020019531
B224,-10,w,6,6.0,1512.8204345703125
B224,-10,w,7,7.0,1501.4229736328125
B224,-10,w,8,8.0,1434.10595703125
B224,-10,w,9,9.0,470.0212097167969
B225,-10,w,1,1.0,439.9104919433594
B225,-10,w,2,2.0,624.1432495117188
B225,-10,w,3,3.0,426.71484375
B225,-10,w,4,4.0,586.5634155273438
B225,-10,w,5,5.0,421.48431396484375
B225,-10,w,6,6.0,655.418701171875
B225,-10,w,7,7.0,686.29052734375
B225,-10,w,8,8.0,681.6221313476562
B225,-10,w,9,9.0,411.5005187988281
B226,-10,w,1,1.0,525.7531127929688
B226,-10,w,2,2.0,1503.2711181640625
B226,-10,w,3,3.0,481.3982238769531
B226,-10,w,4,4.0,1136.5152587890625
B226,-10,w,5,5.0,451.3625793457031
B226,-10,w,6,6.0,964.3794555664062
B226,-10,w,7,7.0,948.6347045898438
B226,-10,w,8,8.0,936.6159057617188
B226,-10,w,9,9.0,431.2667541503906
B227,-10,w,1,1.0,562.5025024414062
B227,-10,w,2,2.0,2016.081298828125
B227,-10,w,3,3.0,524.7247924804688
B227,-10,w,4,4.0,1815.6728515625
B227,-10,w,5,5.0,509.9239807128906
B227,-10,w,6,6.0,1847.0191650390625
B227,-10,w,7,7.0,1898.16943359375
B227,-10,w,8,8.0,1917.3946533203125
B227,-10,w,9,9.0,520.0928344726562
B228,-10,w,1,1.0,523.83837890625
B228,-10,w,2,2.0,1579.7138671875
B228,-10,w,3,3.0,492.9273986816406
B228,-10,w,4,4.0,1364.08251953125
B228,-10,w,5,5.0,474.9045104980469
B228,-10,w,6,6.0,1349.5137939453125
B228,-10,w,7,7.0,1382.1668701171875
B228,-10,w,8,8.0,1415.8602294921875
B228,-10,w,9,9.0,478.1685485839844
B229,-10,w,1,1.0,633.360595703125
B229,-10,w,2,2.0,3093.716552734375
B229,-10,w,3,3.0,604.262939453125
B229,-10,w,4,4.0,2811.029052734375
B229,-10,w,5,5.0,584.6240234375
B229,-10,w,6,6.0,2884.4052734375
B229,-10,w,7,7.0,2966.1708984375
B229,-10,w,8,8.0,2996.162841796875
B229,-10,w,9,9.0,615.5928344726562
