exp_name,hp_tag,model_type,phys_source,recipe_aug_mode,phys7_mode,split_seed,train_seed,best_metric_name,best_metric_value,best_epoch,best_val,best_val_r2,best_val_loss_at_best,test_loss_norm,overall_mae_nm,overall_r2,min_pf_r2,time_min,out_dir,ckpt_path,family_mode,hp_epochs,hp_lr,hp_weight_decay,hp_early_patience,hp_tf_d_model,hp_tf_layers,hp_tf_dropout,hp_select_best_by,hp_loss_type,hp_huber_beta
tf_lr0p001_wd0p0001_do0p1_dm256_L2_hb0p1_ts42_phys7_true_t_full_zmin_s3,lr0p001_wd0p0001_do0p1_dm256_L2_hb0p1_ts42,transformer,phys7_true,time,full,3,42,val_r2,0.9921217765740689,58,0.9921217765740689,0.9921217765740689,0.02349647507071495,0.057598263025283813,85.36931872367859,0.9480475578192287,0.883166998877772,0.22844410339991253,/Users/nyx.wang/workspace/bosch/code/runs_stageB_iedf_ablation/tf_lr0p001_wd0p0001_do0p1_dm256_L2_hb0p1_ts42_phys7_true_t_full_zmin_s3,/Users/nyx.wang/workspace/bosch/code/runs_stageB_iedf_ablation/tf_lr0p001_wd0p0001_do0p1_dm256_L2_hb0p1_ts42_phys7_true_t_full_zmin_s3/best.pth,zmin,200,0.001,0.0001,30,256,2,0.1,val_r2,huber,0.1
tf_lr0p001_wd0p0001_do0p1_dm256_L2_hb0p1_ts42_phys7_true_t_full_h0_s3,lr0p001_wd0p0001_do0p1_dm256_L2_hb0p1_ts42,transformer,phys7_true,time,full,3,42,val_r2,0.973118322889299,155,0.973118322889299,0.973118322889299,0.06644932925701141,0.1754152476787567,16.985489055514336,0.871433399269024,0.8637079165809023,0.15985276301701865,/Users/nyx.wang/workspace/bosch/code/runs_stageB_iedf_ablation/tf_lr0p001_wd0p0001_do0p1_dm256_L2_hb0p1_ts42_phys7_true_t_full_h0_s3,/Users/nyx.wang/workspace/bosch/code/runs_stageB_iedf_ablation/tf_lr0p001_wd0p0001_do0p1_dm256_L2_hb0p1_ts42_phys7_true_t_full_h0_s3/best.pth,h0,200,0.001,0.0001,30,256,2,0.1,val_r2,huber,0.1
tf_lr0p001_wd0p0001_do0p1_dm256_L2_hb0p1_ts42_phys7_true_t_full_h1_s3,lr0p001_wd0p0001_do0p1_dm256_L2_hb0p1_ts42,transformer,phys7_true,time,full,3,42,val_r2,0.9415122294962316,190,0.9415122294962316,0.9415122294962316,0.0809919536113739,0.14285920560359955,16.56591147184372,0.8904414372974826,0.8828815116509325,0.17643566528956095,/Users/nyx.wang/workspace/bosch/code/runs_stageB_iedf_ablation/tf_lr0p001_wd0p0001_do0p1_dm256_L2_hb0p1_ts42_phys7_true_t_full_h1_s3,/Users/nyx.wang/workspace/bosch/code/runs_stageB_iedf_ablation/tf_lr0p001_wd0p0001_do0p1_dm256_L2_hb0p1_ts42_phys7_true_t_full_h1_s3/best.pth,h1,200,0.001,0.0001,30,256,2,0.1,val_r2,huber,0.1
tf_lr0p001_wd0p0001_do0p1_dm256_L2_hb0p1_ts42_phys7_true_t_full_d0_s3,lr0p001_wd0p0001_do0p1_dm256_L2_hb0p1_ts42,transformer,phys7_true,time,full,3,42,val_r2,0.9830886367977314,59,0.9830886367977314,0.9830886367977314,0.045810505747795105,0.12075380980968475,9.781338274478912,0.8872652106795008,0.8465466387049393,0.08022488355636596,/Users/nyx.wang/workspace/bosch/code/runs_stageB_iedf_ablation/tf_lr0p001_wd0p0001_do0p1_dm256_L2_hb0p1_ts42_phys7_true_t_full_d0_s3,/Users/nyx.wang/workspace/bosch/code/runs_stageB_iedf_ablation/tf_lr0p001_wd0p0001_do0p1_dm256_L2_hb0p1_ts42_phys7_true_t_full_d0_s3/best.pth,d0,200,0.001,0.0001,30,256,2,0.1,val_r2,huber,0.1
tf_lr0p001_wd0p0001_do0p1_dm256_L2_hb0p1_ts42_phys7_true_t_full_d1_s3,lr0p001_wd0p0001_do0p1_dm256_L2_hb0p1_ts42,transformer,phys7_true,time,full,3,42,val_r2,0.9489329421778565,132,0.9489329421778565,0.9489329421778565,0.06739646196365356,0.16913536190986633,10.42831689119339,0.8462973340925468,0.7946934652790909,0.14267204999923705,/Users/nyx.wang/workspace/bosch/code/runs_stageB_iedf_ablation/tf_lr0p001_wd0p0001_do0p1_dm256_L2_hb0p1_ts42_phys7_true_t_full_d1_s3,/Users/nyx.wang/workspace/bosch/code/runs_stageB_iedf_ablation/tf_lr0p001_wd0p0001_do0p1_dm256_L2_hb0p1_ts42_phys7_true_t_full_d1_s3/best.pth,d1,200,0.001,0.0001,30,256,2,0.1,val_r2,huber,0.1
tf_lr0p001_wd0p0001_do0p1_dm256_L2_hb0p1_ts42_phys7_true_t_full_w_s3,lr0p001_wd0p0001_do0p1_dm256_L2_hb0p1_ts42,transformer,phys7_true,time,full,3,42,val_r2,0.9667261625658169,92,0.9667261625658169,0.9667261625658169,0.06257287412881851,0.1648446023464203,27.083750814199448,0.8619167529820575,0.856434972828871,0.11088186502456665,/Users/nyx.wang/workspace/bosch/code/runs_stageB_iedf_ablation/tf_lr0p001_wd0p0001_do0p1_dm256_L2_hb0p1_ts42_phys7_true_t_full_w_s3,/Users/nyx.wang/workspace/bosch/code/runs_stageB_iedf_ablation/tf_lr0p001_wd0p0001_do0p1_dm256_L2_hb0p1_ts42_phys7_true_t_full_w_s3/best.pth,w,200,0.001,0.0001,30,256,2,0.1,val_r2,huber,0.1
tf_lr0p001_wd0p0001_do0p1_dm256_L2_hb0p1_ts123_phys7_true_t_full_zmin_s3,lr0p001_wd0p0001_do0p1_dm256_L2_hb0p1_ts123,transformer,phys7_true,time,full,3,123,val_r2,0.9955459544865203,56,0.9955459544865203,0.9955459544865203,0.015899617224931717,0.0436471551656723,67.48221069574356,0.9606311642604002,0.9137369583116595,0.07727358341217042,/Users/nyx.wang/workspace/bosch/code/runs_stageB_iedf_ablation/tf_lr0p001_wd0p0001_do0p1_dm256_L2_hb0p1_ts123_phys7_true_t_full_zmin_s3,/Users/nyx.wang/workspace/bosch/code/runs_stageB_iedf_ablation/tf_lr0p001_wd0p0001_do0p1_dm256_L2_hb0p1_ts123_phys7_true_t_full_zmin_s3/best.pth,zmin,200,0.001,0.0001,30,256,2,0.1,val_r2,huber,0.1
tf_lr0p001_wd0p0001_do0p1_dm256_L2_hb0p1_ts123_phys7_true_t_full_h0_s3,lr0p001_wd0p0001_do0p1_dm256_L2_hb0p1_ts123,transformer,phys7_true,time,full,3,123,val_r2,0.9725670827355077,105,0.9725670827355077,0.9725670827355077,0.06631064414978027,0.15358313918113708,17.325418069958687,0.8874347198642498,0.8788040285248406,0.1179094672203064,/Users/nyx.wang/workspace/bosch/code/runs_stageB_iedf_ablation/tf_lr0p001_wd0p0001_do0p1_dm256_L2_hb0p1_ts123_phys7_true_t_full_h0_s3,/Users/nyx.wang/workspace/bosch/code/runs_stageB_iedf_ablation/tf_lr0p001_wd0p0001_do0p1_dm256_L2_hb0p1_ts123_phys7_true_t_full_h0_s3/best.pth,h0,200,0.001,0.0001,30,256,2,0.1,val_r2,huber,0.1
tf_lr0p001_wd0p0001_do0p1_dm256_L2_hb0p1_ts123_phys7_true_t_full_h1_s3,lr0p001_wd0p0001_do0p1_dm256_L2_hb0p1_ts123,transformer,phys7_true,time,full,3,123,val_r2,0.9387543945833012,193,0.9387543945833012,0.9387543945833012,0.0880957692861557,0.12704545259475708,15.605549328029156,0.902569005947999,0.8959453416787228,0.1737315853436788,/Users/nyx.wang/workspace/bosch/code/runs_stageB_iedf_ablation/tf_lr0p001_wd0p0001_do0p1_dm256_L2_hb0p1_ts123_phys7_true_t_full_h1_s3,/Users/nyx.wang/workspace/bosch/code/runs_stageB_iedf_ablation/tf_lr0p001_wd0p0001_do0p1_dm256_L2_hb0p1_ts123_phys7_true_t_full_h1_s3/best.pth,h1,200,0.001,0.0001,30,256,2,0.1,val_r2,huber,0.1
tf_lr0p001_wd0p0001_do0p1_dm256_L2_hb0p1_ts123_phys7_true_t_full_d0_s3,lr0p001_wd0p0001_do0p1_dm256_L2_hb0p1_ts123,transformer,phys7_true,time,full,3,123,val_r2,0.9806356473883943,47,0.9806356473883943,0.9806356473883943,0.0483986921608448,0.08013235777616501,8.124124258756638,0.9251890813979702,0.9002579341897743,0.07036848068237304,/Users/nyx.wang/workspace/bosch/code/runs_stageB_iedf_ablation/tf_lr0p001_wd0p0001_do0p1_dm256_L2_hb0p1_ts123_phys7_true_t_full_d0_s3,/Users/nyx.wang/workspace/bosch/code/runs_stageB_iedf_ablation/tf_lr0p001_wd0p0001_do0p1_dm256_L2_hb0p1_ts123_phys7_true_t_full_d0_s3/best.pth,d0,200,0.001,0.0001,30,256,2,0.1,val_r2,huber,0.1
tf_lr0p001_wd0p0001_do0p1_dm256_L2_hb0p1_ts123_phys7_true_t_full_d1_s3,lr0p001_wd0p0001_do0p1_dm256_L2_hb0p1_ts123,transformer,phys7_true,time,full,3,123,val_r2,0.9488775767278224,93,0.9488775767278224,0.9488775767278224,0.058033861219882965,0.14450998604297638,9.40124411135912,0.8686757674286603,0.8309365780817335,0.11168123086293538,/Users/nyx.wang/workspace/bosch/code/runs_stageB_iedf_ablation/tf_lr0p001_wd0p0001_do0p1_dm256_L2_hb0p1_ts123_phys7_true_t_full_d1_s3,/Users/nyx.wang/workspace/bosch/code/runs_stageB_iedf_ablation/tf_lr0p001_wd0p0001_do0p1_dm256_L2_hb0p1_ts123_phys7_true_t_full_d1_s3/best.pth,d1,200,0.001,0.0001,30,256,2,0.1,val_r2,huber,0.1
tf_lr0p001_wd0p0001_do0p1_dm256_L2_hb0p1_ts123_phys7_true_t_full_w_s3,lr0p001_wd0p0001_do0p1_dm256_L2_hb0p1_ts123,transformer,phys7_true,time,full,3,123,val_r2,0.9666831867473226,89,0.9666831867473226,0.9666831867473226,0.06158585473895073,0.150142103433609,27.254894375801086,0.8742324167195696,0.8687420271787292,0.10767718156178792,/Users/nyx.wang/workspace/bosch/code/runs_stageB_iedf_ablation/tf_lr0p001_wd0p0001_do0p1_dm256_L2_hb0p1_ts123_phys7_true_t_full_w_s3,/Users/nyx.wang/workspace/bosch/code/runs_stageB_iedf_ablation/tf_lr0p001_wd0p0001_do0p1_dm256_L2_hb0p1_ts123_phys7_true_t_full_w_s3/best.pth,w,200,0.001,0.0001,30,256,2,0.1,val_r2,huber,0.1
tf_lr0p001_wd0p0001_do0p1_dm256_L2_hb0p1_ts7_phys7_true_t_full_zmin_s3,lr0p001_wd0p0001_do0p1_dm256_L2_hb0p1_ts7,transformer,phys7_true,time,full,3,7,val_r2,0.995485600025549,154,0.995485600025549,0.995485600025549,0.015664882957935333,0.04399406537413597,72.66278564929962,0.9603182643389678,0.9220433233894924,0.16242415110270184,/Users/nyx.wang/workspace/bosch/code/runs_stageB_iedf_ablation/tf_lr0p001_wd0p0001_do0p1_dm256_L2_hb0p1_ts7_phys7_true_t_full_zmin_s3,/Users/nyx.wang/workspace/bosch/code/runs_stageB_iedf_ablation/tf_lr0p001_wd0p0001_do0p1_dm256_L2_hb0p1_ts7_phys7_true_t_full_zmin_s3/best.pth,zmin,200,0.001,0.0001,30,256,2,0.1,val_r2,huber,0.1
tf_lr0p001_wd0p0001_do0p1_dm256_L2_hb0p1_ts7_phys7_true_t_full_h0_s3,lr0p001_wd0p0001_do0p1_dm256_L2_hb0p1_ts7,transformer,phys7_true,time,full,3,7,val_r2,0.9680181433349914,67,0.9680181433349914,0.9680181433349914,0.0860193595290184,0.14960025250911713,17.12118834257126,0.8903538891043368,0.8787446771786183,0.08808508316675821,/Users/nyx.wang/workspace/bosch/code/runs_stageB_iedf_ablation/tf_lr0p001_wd0p0001_do0p1_dm256_L2_hb0p1_ts7_phys7_true_t_full_h0_s3,/Users/nyx.wang/workspace/bosch/code/runs_stageB_iedf_ablation/tf_lr0p001_wd0p0001_do0p1_dm256_L2_hb0p1_ts7_phys7_true_t_full_h0_s3/best.pth,h0,200,0.001,0.0001,30,256,2,0.1,val_r2,huber,0.1
tf_lr0p001_wd0p0001_do0p1_dm256_L2_hb0p1_ts7_phys7_true_t_full_h1_s3,lr0p001_wd0p0001_do0p1_dm256_L2_hb0p1_ts7,transformer,phys7_true,time,full,3,7,val_r2,0.9146743688233487,200,0.9146743688233487,0.9146743688233487,0.09446081519126892,0.14360469579696655,17.166459932923317,0.8898697522206418,0.879422904386691,0.1770651976267497,/Users/nyx.wang/workspace/bosch/code/runs_stageB_iedf_ablation/tf_lr0p001_wd0p0001_do0p1_dm256_L2_hb0p1_ts7_phys7_true_t_full_h1_s3,/Users/nyx.wang/workspace/bosch/code/runs_stageB_iedf_ablation/tf_lr0p001_wd0p0001_do0p1_dm256_L2_hb0p1_ts7_phys7_true_t_full_h1_s3/best.pth,h1,200,0.001,0.0001,30,256,2,0.1,val_r2,huber,0.1
tf_lr0p001_wd0p0001_do0p1_dm256_L2_hb0p1_ts7_phys7_true_t_full_d0_s3,lr0p001_wd0p0001_do0p1_dm256_L2_hb0p1_ts7,transformer,phys7_true,time,full,3,7,val_r2,0.9780243852341998,66,0.9780243852341998,0.9780243852341998,0.05540793016552925,0.12350299954414368,8.769267238676548,0.8846985924918302,0.8505363020551069,0.08556211789449056,/Users/nyx.wang/workspace/bosch/code/runs_stageB_iedf_ablation/tf_lr0p001_wd0p0001_do0p1_dm256_L2_hb0p1_ts7_phys7_true_t_full_d0_s3,/Users/nyx.wang/workspace/bosch/code/runs_stageB_iedf_ablation/tf_lr0p001_wd0p0001_do0p1_dm256_L2_hb0p1_ts7_phys7_true_t_full_d0_s3/best.pth,d0,200,0.001,0.0001,30,256,2,0.1,val_r2,huber,0.1
tf_lr0p001_wd0p0001_do0p1_dm256_L2_hb0p1_ts7_phys7_true_t_full_d1_s3,lr0p001_wd0p0001_do0p1_dm256_L2_hb0p1_ts7,transformer,phys7_true,time,full,3,7,val_r2,0.9412819846744036,142,0.9412819846744036,0.9412819846744036,0.06591890752315521,0.16938145458698273,9.878129698336124,0.846073680111506,0.803261482222393,0.15112070242563883,/Users/nyx.wang/workspace/bosch/code/runs_stageB_iedf_ablation/tf_lr0p001_wd0p0001_do0p1_dm256_L2_hb0p1_ts7_phys7_true_t_full_d1_s3,/Users/nyx.wang/workspace/bosch/code/runs_stageB_iedf_ablation/tf_lr0p001_wd0p0001_do0p1_dm256_L2_hb0p1_ts7_phys7_true_t_full_d1_s3/best.pth,d1,200,0.001,0.0001,30,256,2,0.1,val_r2,huber,0.1
tf_lr0p001_wd0p0001_do0p1_dm256_L2_hb0p1_ts7_phys7_true_t_full_w_s3,lr0p001_wd0p0001_do0p1_dm256_L2_hb0p1_ts7,transformer,phys7_true,time,full,3,7,val_r2,0.9535011828011848,63,0.9535011828011848,0.9535011828011848,0.07805279642343521,0.17953503131866455,28.822174295783043,0.8496111964983795,0.8433238105834975,0.08306475480397542,/Users/nyx.wang/workspace/bosch/code/runs_stageB_iedf_ablation/tf_lr0p001_wd0p0001_do0p1_dm256_L2_hb0p1_ts7_phys7_true_t_full_w_s3,/Users/nyx.wang/workspace/bosch/code/runs_stageB_iedf_ablation/tf_lr0p001_wd0p0001_do0p1_dm256_L2_hb0p1_ts7_phys7_true_t_full_w_s3/best.pth,w,200,0.001,0.0001,30,256,2,0.1,val_r2,huber,0.1
tf_lr0p001_wd0p0001_do0p1_dm256_L2_hb0p1_ts42_pca7_t_full_zmin_s3,lr0p001_wd0p0001_do0p1_dm256_L2_hb0p1_ts42,transformer,pca7,time,full,3,42,val_r2,0.9811266083045324,53,0.9811266083045324,0.9811266083045324,0.040318503975868225,0.037252966314554214,75.36903768777847,0.9663986003400445,0.9317517534400815,0.07541905244191488,/Users/nyx.wang/workspace/bosch/code/runs_stageB_iedf_ablation/tf_lr0p001_wd0p0001_do0p1_dm256_L2_hb0p1_ts42_pca7_t_full_zmin_s3,/Users/nyx.wang/workspace/bosch/code/runs_stageB_iedf_ablation/tf_lr0p001_wd0p0001_do0p1_dm256_L2_hb0p1_ts42_pca7_t_full_zmin_s3/best.pth,zmin,200,0.001,0.0001,30,256,2,0.1,val_r2,huber,0.1
tf_lr0p001_wd0p0001_do0p1_dm256_L2_hb0p1_ts42_pca7_t_full_h0_s3,lr0p001_wd0p0001_do0p1_dm256_L2_hb0p1_ts42,transformer,pca7,time,full,3,42,val_r2,0.9711664032981814,101,0.9711664032981814,0.9711664032981814,0.06995450705289841,0.18496371805667877,18.14296655356884,0.864435042213031,0.8553654107447848,0.11806026697158814,/Users/nyx.wang/workspace/bosch/code/runs_stageB_iedf_ablation/tf_lr0p001_wd0p0001_do0p1_dm256_L2_hb0p1_ts42_pca7_t_full_h0_s3,/Users/nyx.wang/workspace/bosch/code/runs_stageB_iedf_ablation/tf_lr0p001_wd0p0001_do0p1_dm256_L2_hb0p1_ts42_pca7_t_full_h0_s3/best.pth,h0,200,0.001,0.0001,30,256,2,0.1,val_r2,huber,0.1
tf_lr0p001_wd0p0001_do0p1_dm256_L2_hb0p1_ts42_pca7_t_full_h1_s3,lr0p001_wd0p0001_do0p1_dm256_L2_hb0p1_ts42,transformer,pca7,time,full,3,42,val_r2,0.8903796709174863,122,0.8903796709174863,0.8903796709174863,0.10450819134712219,0.17134743928909302,18.09241622686386,0.8685938673807658,0.8647892643996611,0.13417799870173136,/Users/nyx.wang/workspace/bosch/code/runs_stageB_iedf_ablation/tf_lr0p001_wd0p0001_do0p1_dm256_L2_hb0p1_ts42_pca7_t_full_h1_s3,/Users/nyx.wang/workspace/bosch/code/runs_stageB_iedf_ablation/tf_lr0p001_wd0p0001_do0p1_dm256_L2_hb0p1_ts42_pca7_t_full_h1_s3/best.pth,h1,200,0.001,0.0001,30,256,2,0.1,val_r2,huber,0.1
tf_lr0p001_wd0p0001_do0p1_dm256_L2_hb0p1_ts42_pca7_t_full_d0_s3,lr0p001_wd0p0001_do0p1_dm256_L2_hb0p1_ts42,transformer,pca7,time,full,3,42,val_r2,0.9796782704655146,39,0.9796782704655146,0.9796782704655146,0.05558747798204422,0.18146266043186188,10.221143253147602,0.8305879488473615,0.7902601520156046,0.06509171724319458,/Users/nyx.wang/workspace/bosch/code/runs_stageB_iedf_ablation/tf_lr0p001_wd0p0001_do0p1_dm256_L2_hb0p1_ts42_pca7_t_full_d0_s3,/Users/nyx.wang/workspace/bosch/code/runs_stageB_iedf_ablation/tf_lr0p001_wd0p0001_do0p1_dm256_L2_hb0p1_ts42_pca7_t_full_d0_s3/best.pth,d0,200,0.001,0.0001,30,256,2,0.1,val_r2,huber,0.1
tf_lr0p001_wd0p0001_do0p1_dm256_L2_hb0p1_ts42_pca7_t_full_d1_s3,lr0p001_wd0p0001_do0p1_dm256_L2_hb0p1_ts42,transformer,pca7,time,full,3,42,val_r2,0.9511692594061101,129,0.9511692594061101,0.9511692594061101,0.06455763429403305,0.25341764092445374,10.627140291035175,0.7697053257547984,0.715853987834247,0.1408869703610738,/Users/nyx.wang/workspace/bosch/code/runs_stageB_iedf_ablation/tf_lr0p001_wd0p0001_do0p1_dm256_L2_hb0p1_ts42_pca7_t_full_d1_s3,/Users/nyx.wang/workspace/bosch/code/runs_stageB_iedf_ablation/tf_lr0p001_wd0p0001_do0p1_dm256_L2_hb0p1_ts42_pca7_t_full_d1_s3/best.pth,d1,200,0.001,0.0001,30,256,2,0.1,val_r2,huber,0.1
tf_lr0p001_wd0p0001_do0p1_dm256_L2_hb0p1_ts42_pca7_t_full_w_s3,lr0p001_wd0p0001_do0p1_dm256_L2_hb0p1_ts42,transformer,pca7,time,full,3,42,val_r2,0.9433306411728674,52,0.9433306411728674,0.9433306411728674,0.09498697519302368,0.2657869756221771,32.92812407016754,0.7773616559190083,0.7684911936263341,0.07577606836954752,/Users/nyx.wang/workspace/bosch/code/runs_stageB_iedf_ablation/tf_lr0p001_wd0p0001_do0p1_dm256_L2_hb0p1_ts42_pca7_t_full_w_s3,/Users/nyx.wang/workspace/bosch/code/runs_stageB_iedf_ablation/tf_lr0p001_wd0p0001_do0p1_dm256_L2_hb0p1_ts42_pca7_t_full_w_s3/best.pth,w,200,0.001,0.0001,30,256,2,0.1,val_r2,huber,0.1
tf_lr0p001_wd0p0001_do0p1_dm256_L2_hb0p1_ts123_pca7_t_full_zmin_s3,lr0p001_wd0p0001_do0p1_dm256_L2_hb0p1_ts123,transformer,pca7,time,full,3,123,val_r2,0.9924021041529717,63,0.9924021041529717,0.9924021041529717,0.023394916206598282,0.041905395686626434,73.2942521572113,0.9622021948333285,0.9071404622827381,0.08311203718185425,/Users/nyx.wang/workspace/bosch/code/runs_stageB_iedf_ablation/tf_lr0p001_wd0p0001_do0p1_dm256_L2_hb0p1_ts123_pca7_t_full_zmin_s3,/Users/nyx.wang/workspace/bosch/code/runs_stageB_iedf_ablation/tf_lr0p001_wd0p0001_do0p1_dm256_L2_hb0p1_ts123_pca7_t_full_zmin_s3/best.pth,zmin,200,0.001,0.0001,30,256,2,0.1,val_r2,huber,0.1
tf_lr0p001_wd0p0001_do0p1_dm256_L2_hb0p1_ts123_pca7_t_full_h0_s3,lr0p001_wd0p0001_do0p1_dm256_L2_hb0p1_ts123,transformer,pca7,time,full,3,123,val_r2,0.9635168898234995,85,0.9635168898234995,0.9635168898234995,0.07886909693479538,0.1631968468427658,17.49422587454319,0.8803885729552038,0.8722003848103501,0.10231573184331258,/Users/nyx.wang/workspace/bosch/code/runs_stageB_iedf_ablation/tf_lr0p001_wd0p0001_do0p1_dm256_L2_hb0p1_ts123_pca7_t_full_h0_s3,/Users/nyx.wang/workspace/bosch/code/runs_stageB_iedf_ablation/tf_lr0p001_wd0p0001_do0p1_dm256_L2_hb0p1_ts123_pca7_t_full_h0_s3/best.pth,h0,200,0.001,0.0001,30,256,2,0.1,val_r2,huber,0.1
tf_lr0p001_wd0p0001_do0p1_dm256_L2_hb0p1_ts123_pca7_t_full_h1_s3,lr0p001_wd0p0001_do0p1_dm256_L2_hb0p1_ts123,transformer,pca7,time,full,3,123,val_r2,0.9456538693439701,198,0.9456538693439701,0.9456538693439701,0.09833595156669617,0.1327388882637024,15.758577734231949,0.8982027065579431,0.8941057240380967,0.17662106355031332,/Users/nyx.wang/workspace/bosch/code/runs_stageB_iedf_ablation/tf_lr0p001_wd0p0001_do0p1_dm256_L2_hb0p1_ts123_pca7_t_full_h1_s3,/Users/nyx.wang/workspace/bosch/code/runs_stageB_iedf_ablation/tf_lr0p001_wd0p0001_do0p1_dm256_L2_hb0p1_ts123_pca7_t_full_h1_s3/best.pth,h1,200,0.001,0.0001,30,256,2,0.1,val_r2,huber,0.1
tf_lr0p001_wd0p0001_do0p1_dm256_L2_hb0p1_ts123_pca7_t_full_d0_s3,lr0p001_wd0p0001_do0p1_dm256_L2_hb0p1_ts123,transformer,pca7,time,full,3,123,val_r2,0.9833786408279248,35,0.9833786408279248,0.9833786408279248,0.05372228845953941,0.09435134381055832,8.393450640141964,0.9119143395072065,0.8853146175267265,0.06041914621988932,/Users/nyx.wang/workspace/bosch/code/runs_stageB_iedf_ablation/tf_lr0p001_wd0p0001_do0p1_dm256_L2_hb0p1_ts123_pca7_t_full_d0_s3,/Users/nyx.wang/workspace/bosch/code/runs_stageB_iedf_ablation/tf_lr0p001_wd0p0001_do0p1_dm256_L2_hb0p1_ts123_pca7_t_full_d0_s3/best.pth,d0,200,0.001,0.0001,30,256,2,0.1,val_r2,huber,0.1
tf_lr0p001_wd0p0001_do0p1_dm256_L2_hb0p1_ts123_pca7_t_full_d1_s3,lr0p001_wd0p0001_do0p1_dm256_L2_hb0p1_ts123,transformer,pca7,time,full,3,123,val_r2,0.9269489274110316,35,0.9269489274110316,0.9269489274110316,0.06928236782550812,0.15869323909282684,10.95519121736288,0.8557866530024234,0.8143426142269186,0.061355348428090414,/Users/nyx.wang/workspace/bosch/code/runs_stageB_iedf_ablation/tf_lr0p001_wd0p0001_do0p1_dm256_L2_hb0p1_ts123_pca7_t_full_d1_s3,/Users/nyx.wang/workspace/bosch/code/runs_stageB_iedf_ablation/tf_lr0p001_wd0p0001_do0p1_dm256_L2_hb0p1_ts123_pca7_t_full_d1_s3/best.pth,d1,200,0.001,0.0001,30,256,2,0.1,val_r2,huber,0.1
tf_lr0p001_wd0p0001_do0p1_dm256_L2_hb0p1_ts123_pca7_t_full_w_s3,lr0p001_wd0p0001_do0p1_dm256_L2_hb0p1_ts123,transformer,pca7,time,full,3,123,val_r2,0.9503444074515202,49,0.9503444074515202,0.9503444074515202,0.09596850723028183,0.17617054283618927,30.15255741775036,0.8524294998162317,0.8467677846791039,0.07325053612391154,/Users/nyx.wang/workspace/bosch/code/runs_stageB_iedf_ablation/tf_lr0p001_wd0p0001_do0p1_dm256_L2_hb0p1_ts123_pca7_t_full_w_s3,/Users/nyx.wang/workspace/bosch/code/runs_stageB_iedf_ablation/tf_lr0p001_wd0p0001_do0p1_dm256_L2_hb0p1_ts123_pca7_t_full_w_s3/best.pth,w,200,0.001,0.0001,30,256,2,0.1,val_r2,huber,0.1
tf_lr0p001_wd0p0001_do0p1_dm256_L2_hb0p1_ts7_pca7_t_full_zmin_s3,lr0p001_wd0p0001_do0p1_dm256_L2_hb0p1_ts7,transformer,pca7,time,full,3,7,val_r2,0.9951157443437595,77,0.9951157443437595,0.9951157443437595,0.015436445362865925,0.042980365455150604,66.51400029659271,0.9612325995463042,0.9139027388811655,0.09662728309631348,/Users/nyx.wang/workspace/bosch/code/runs_stageB_iedf_ablation/tf_lr0p001_wd0p0001_do0p1_dm256_L2_hb0p1_ts7_pca7_t_full_zmin_s3,/Users/nyx.wang/workspace/bosch/code/runs_stageB_iedf_ablation/tf_lr0p001_wd0p0001_do0p1_dm256_L2_hb0p1_ts7_pca7_t_full_zmin_s3/best.pth,zmin,200,0.001,0.0001,30,256,2,0.1,val_r2,huber,0.1
tf_lr0p001_wd0p0001_do0p1_dm256_L2_hb0p1_ts7_pca7_t_full_h0_s3,lr0p001_wd0p0001_do0p1_dm256_L2_hb0p1_ts7,transformer,pca7,time,full,3,7,val_r2,0.9758301784083752,116,0.9758301784083752,0.9758301784083752,0.06286230683326721,0.18375642597675323,18.25176365673542,0.8653199041200517,0.8589449705111206,0.13111989895502726,/Users/nyx.wang/workspace/bosch/code/runs_stageB_iedf_ablation/tf_lr0p001_wd0p0001_do0p1_dm256_L2_hb0p1_ts7_pca7_t_full_h0_s3,/Users/nyx.wang/workspace/bosch/code/runs_stageB_iedf_ablation/tf_lr0p001_wd0p0001_do0p1_dm256_L2_hb0p1_ts7_pca7_t_full_h0_s3/best.pth,h0,200,0.001,0.0001,30,256,2,0.1,val_r2,huber,0.1
tf_lr0p001_wd0p0001_do0p1_dm256_L2_hb0p1_ts7_pca7_t_full_h1_s3,lr0p001_wd0p0001_do0p1_dm256_L2_hb0p1_ts7,transformer,pca7,time,full,3,7,val_r2,0.8894162527528475,82,0.8894162527528475,0.8894162527528475,0.09939632564783096,0.16667212545871735,18.12470704317093,0.8721793465778505,0.8645525926852513,0.10151378313700359,/Users/nyx.wang/workspace/bosch/code/runs_stageB_iedf_ablation/tf_lr0p001_wd0p0001_do0p1_dm256_L2_hb0p1_ts7_pca7_t_full_h1_s3,/Users/nyx.wang/workspace/bosch/code/runs_stageB_iedf_ablation/tf_lr0p001_wd0p0001_do0p1_dm256_L2_hb0p1_ts7_pca7_t_full_h1_s3/best.pth,h1,200,0.001,0.0001,30,256,2,0.1,val_r2,huber,0.1
tf_lr0p001_wd0p0001_do0p1_dm256_L2_hb0p1_ts7_pca7_t_full_d0_s3,lr0p001_wd0p0001_do0p1_dm256_L2_hb0p1_ts7,transformer,pca7,time,full,3,7,val_r2,0.976552281252589,35,0.976552281252589,0.976552281252589,0.05326884612441063,0.12952229380607605,9.932994842529297,0.8790790253000008,0.8472898195173495,0.05975070397059123,/Users/nyx.wang/workspace/bosch/code/runs_stageB_iedf_ablation/tf_lr0p001_wd0p0001_do0p1_dm256_L2_hb0p1_ts7_pca7_t_full_d0_s3,/Users/nyx.wang/workspace/bosch/code/runs_stageB_iedf_ablation/tf_lr0p001_wd0p0001_do0p1_dm256_L2_hb0p1_ts7_pca7_t_full_d0_s3/best.pth,d0,200,0.001,0.0001,30,256,2,0.1,val_r2,huber,0.1
tf_lr0p001_wd0p0001_do0p1_dm256_L2_hb0p1_ts7_pca7_t_full_d1_s3,lr0p001_wd0p0001_do0p1_dm256_L2_hb0p1_ts7,transformer,pca7,time,full,3,7,val_r2,0.9134228637008709,41,0.9134228637008709,0.9134228637008709,0.09955102205276489,0.18969392776489258,11.432240717113018,0.8276146215402634,0.7867276971341094,0.06566746632258097,/Users/nyx.wang/workspace/bosch/code/runs_stageB_iedf_ablation/tf_lr0p001_wd0p0001_do0p1_dm256_L2_hb0p1_ts7_pca7_t_full_d1_s3,/Users/nyx.wang/workspace/bosch/code/runs_stageB_iedf_ablation/tf_lr0p001_wd0p0001_do0p1_dm256_L2_hb0p1_ts7_pca7_t_full_d1_s3/best.pth,d1,200,0.001,0.0001,30,256,2,0.1,val_r2,huber,0.1
tf_lr0p001_wd0p0001_do0p1_dm256_L2_hb0p1_ts7_pca7_t_full_w_s3,lr0p001_wd0p0001_do0p1_dm256_L2_hb0p1_ts7,transformer,pca7,time,full,3,7,val_r2,0.941256819469455,70,0.941256819469455,0.941256819469455,0.09200525283813477,0.2424629181623459,30.274169519543648,0.7968992114671389,0.788177550443181,0.09114916721979777,/Users/nyx.wang/workspace/bosch/code/runs_stageB_iedf_ablation/tf_lr0p001_wd0p0001_do0p1_dm256_L2_hb0p1_ts7_pca7_t_full_w_s3,/Users/nyx.wang/workspace/bosch/code/runs_stageB_iedf_ablation/tf_lr0p001_wd0p0001_do0p1_dm256_L2_hb0p1_ts7_pca7_t_full_w_s3/best.pth,w,200,0.001,0.0001,30,256,2,0.1,val_r2,huber,0.1
tf_lr0p001_wd0p0001_do0p1_dm256_L2_hb0p1_ts42_ae7_t_full_zmin_s3,lr0p001_wd0p0001_do0p1_dm256_L2_hb0p1_ts42,transformer,ae7,time,full,3,42,val_r2,0.9878084347155969,49,0.9878084347155969,0.9878084347155969,0.030049849301576614,0.05378301814198494,79.24547046422958,0.9514888338674049,0.8949722157730133,0.07174858649571737,/Users/nyx.wang/workspace/bosch/code/runs_stageB_iedf_ablation/tf_lr0p001_wd0p0001_do0p1_dm256_L2_hb0p1_ts42_ae7_t_full_zmin_s3,/Users/nyx.wang/workspace/bosch/code/runs_stageB_iedf_ablation/tf_lr0p001_wd0p0001_do0p1_dm256_L2_hb0p1_ts42_ae7_t_full_zmin_s3/best.pth,zmin,200,0.001,0.0001,30,256,2,0.1,val_r2,huber,0.1
tf_lr0p001_wd0p0001_do0p1_dm256_L2_hb0p1_ts42_ae7_t_full_h0_s3,lr0p001_wd0p0001_do0p1_dm256_L2_hb0p1_ts42,transformer,ae7,time,full,3,42,val_r2,0.9701511315154282,50,0.9701511315154282,0.9701511315154282,0.07336536049842834,0.18791306018829346,18.151333555579185,0.8622733965284322,0.8498392298378761,0.07421611547470093,/Users/nyx.wang/workspace/bosch/code/runs_stageB_iedf_ablation/tf_lr0p001_wd0p0001_do0p1_dm256_L2_hb0p1_ts42_ae7_t_full_h0_s3,/Users/nyx.wang/workspace/bosch/code/runs_stageB_iedf_ablation/tf_lr0p001_wd0p0001_do0p1_dm256_L2_hb0p1_ts42_ae7_t_full_h0_s3/best.pth,h0,200,0.001,0.0001,30,256,2,0.1,val_r2,huber,0.1
tf_lr0p001_wd0p0001_do0p1_dm256_L2_hb0p1_ts42_ae7_t_full_h1_s3,lr0p001_wd0p0001_do0p1_dm256_L2_hb0p1_ts42,transformer,ae7,time,full,3,42,val_r2,0.890115331027213,38,0.890115331027213,0.890115331027213,0.11244864761829376,0.15132029354572296,16.696779057383537,0.8839526521239016,0.8792429347786177,0.0638711969057719,/Users/nyx.wang/workspace/bosch/code/runs_stageB_iedf_ablation/tf_lr0p001_wd0p0001_do0p1_dm256_L2_hb0p1_ts42_ae7_t_full_h1_s3,/Users/nyx.wang/workspace/bosch/code/runs_stageB_iedf_ablation/tf_lr0p001_wd0p0001_do0p1_dm256_L2_hb0p1_ts42_ae7_t_full_h1_s3/best.pth,h1,200,0.001,0.0001,30,256,2,0.1,val_r2,huber,0.1
tf_lr0p001_wd0p0001_do0p1_dm256_L2_hb0p1_ts42_ae7_t_full_d0_s3,lr0p001_wd0p0001_do0p1_dm256_L2_hb0p1_ts42,transformer,ae7,time,full,3,42,val_r2,0.9813074392560064,46,0.9813074392560064,0.9813074392560064,0.054689276963472366,0.1397513747215271,9.17700119316578,0.869529235023925,0.8354778491236586,0.0695281982421875,/Users/nyx.wang/workspace/bosch/code/runs_stageB_iedf_ablation/tf_lr0p001_wd0p0001_do0p1_dm256_L2_hb0p1_ts42_ae7_t_full_d0_s3,/Users/nyx.wang/workspace/bosch/code/runs_stageB_iedf_ablation/tf_lr0p001_wd0p0001_do0p1_dm256_L2_hb0p1_ts42_ae7_t_full_d0_s3/best.pth,d0,200,0.001,0.0001,30,256,2,0.1,val_r2,huber,0.1
tf_lr0p001_wd0p0001_do0p1_dm256_L2_hb0p1_ts42_ae7_t_full_d1_s3,lr0p001_wd0p0001_do0p1_dm256_L2_hb0p1_ts42,transformer,ae7,time,full,3,42,val_r2,0.9290105276518199,100,0.9290105276518199,0.9290105276518199,0.08072803914546967,0.20782329142093658,10.11201087385416,0.8111394532822684,0.7630452689271899,0.11455159982045492,/Users/nyx.wang/workspace/bosch/code/runs_stageB_iedf_ablation/tf_lr0p001_wd0p0001_do0p1_dm256_L2_hb0p1_ts42_ae7_t_full_d1_s3,/Users/nyx.wang/workspace/bosch/code/runs_stageB_iedf_ablation/tf_lr0p001_wd0p0001_do0p1_dm256_L2_hb0p1_ts42_ae7_t_full_d1_s3/best.pth,d1,200,0.001,0.0001,30,256,2,0.1,val_r2,huber,0.1
tf_lr0p001_wd0p0001_do0p1_dm256_L2_hb0p1_ts42_ae7_t_full_w_s3,lr0p001_wd0p0001_do0p1_dm256_L2_hb0p1_ts42,transformer,ae7,time,full,3,42,val_r2,0.9568052992022648,57,0.9568052992022648,0.9568052992022648,0.07621000707149506,0.2122722864151001,30.352117493748665,0.8221885963446824,0.8153658326260907,0.07987205187479655,/Users/nyx.wang/workspace/bosch/code/runs_stageB_iedf_ablation/tf_lr0p001_wd0p0001_do0p1_dm256_L2_hb0p1_ts42_ae7_t_full_w_s3,/Users/nyx.wang/workspace/bosch/code/runs_stageB_iedf_ablation/tf_lr0p001_wd0p0001_do0p1_dm256_L2_hb0p1_ts42_ae7_t_full_w_s3/best.pth,w,200,0.001,0.0001,30,256,2,0.1,val_r2,huber,0.1
tf_lr0p001_wd0p0001_do0p1_dm256_L2_hb0p1_ts123_ae7_t_full_zmin_s3,lr0p001_wd0p0001_do0p1_dm256_L2_hb0p1_ts123,transformer,ae7,time,full,3,123,val_r2,0.9943929509573317,88,0.9943929509573317,0.9943929509573317,0.020717505365610123,0.030962424352765083,63.15129995346069,0.9720725343398225,0.9378077893430203,0.10533426602681478,/Users/nyx.wang/workspace/bosch/code/runs_stageB_iedf_ablation/tf_lr0p001_wd0p0001_do0p1_dm256_L2_hb0p1_ts123_ae7_t_full_zmin_s3,/Users/nyx.wang/workspace/bosch/code/runs_stageB_iedf_ablation/tf_lr0p001_wd0p0001_do0p1_dm256_L2_hb0p1_ts123_ae7_t_full_zmin_s3/best.pth,zmin,200,0.001,0.0001,30,256,2,0.1,val_r2,huber,0.1
tf_lr0p001_wd0p0001_do0p1_dm256_L2_hb0p1_ts123_ae7_t_full_h0_s3,lr0p001_wd0p0001_do0p1_dm256_L2_hb0p1_ts123,transformer,ae7,time,full,3,123,val_r2,0.970373844095973,108,0.970373844095973,0.970373844095973,0.07303299009799957,0.1764531135559082,17.350979149341583,0.8706727106279224,0.8608144618887518,0.1231003999710083,/Users/nyx.wang/workspace/bosch/code/runs_stageB_iedf_ablation/tf_lr0p001_wd0p0001_do0p1_dm256_L2_hb0p1_ts123_ae7_t_full_h0_s3,/Users/nyx.wang/workspace/bosch/code/runs_stageB_iedf_ablation/tf_lr0p001_wd0p0001_do0p1_dm256_L2_hb0p1_ts123_ae7_t_full_h0_s3/best.pth,h0,200,0.001,0.0001,30,256,2,0.1,val_r2,huber,0.1
tf_lr0p001_wd0p0001_do0p1_dm256_L2_hb0p1_ts123_ae7_t_full_h1_s3,lr0p001_wd0p0001_do0p1_dm256_L2_hb0p1_ts123,transformer,ae7,time,full,3,123,val_r2,0.9427790775882469,194,0.9427790775882469,0.9427790775882469,0.09396325796842575,0.16257067024707794,17.132576555013657,0.8753247387244557,0.8735915334249853,0.1758836309115092,/Users/nyx.wang/workspace/bosch/code/runs_stageB_iedf_ablation/tf_lr0p001_wd0p0001_do0p1_dm256_L2_hb0p1_ts123_ae7_t_full_h1_s3,/Users/nyx.wang/workspace/bosch/code/runs_stageB_iedf_ablation/tf_lr0p001_wd0p0001_do0p1_dm256_L2_hb0p1_ts123_ae7_t_full_h1_s3/best.pth,h1,200,0.001,0.0001,30,256,2,0.1,val_r2,huber,0.1
tf_lr0p001_wd0p0001_do0p1_dm256_L2_hb0p1_ts123_ae7_t_full_d0_s3,lr0p001_wd0p0001_do0p1_dm256_L2_hb0p1_ts123,transformer,ae7,time,full,3,123,val_r2,0.982489492270483,38,0.982489492270483,0.982489492270483,0.0556330643594265,0.11262056231498718,8.547894656658173,0.8948583542544462,0.860225329419675,0.06203664938608806,/Users/nyx.wang/workspace/bosch/code/runs_stageB_iedf_ablation/tf_lr0p001_wd0p0001_do0p1_dm256_L2_hb0p1_ts123_ae7_t_full_d0_s3,/Users/nyx.wang/workspace/bosch/code/runs_stageB_iedf_ablation/tf_lr0p001_wd0p0001_do0p1_dm256_L2_hb0p1_ts123_ae7_t_full_d0_s3/best.pth,d0,200,0.001,0.0001,30,256,2,0.1,val_r2,huber,0.1
tf_lr0p001_wd0p0001_do0p1_dm256_L2_hb0p1_ts123_ae7_t_full_d1_s3,lr0p001_wd0p0001_do0p1_dm256_L2_hb0p1_ts123,transformer,ae7,time,full,3,123,val_r2,0.9179686317310296,40,0.9179686317310296,0.9179686317310296,0.07471787184476852,0.15569861233234406,10.4046780616045,0.8585080314429596,0.8263240673002044,0.06387436787287394,/Users/nyx.wang/workspace/bosch/code/runs_stageB_iedf_ablation/tf_lr0p001_wd0p0001_do0p1_dm256_L2_hb0p1_ts123_ae7_t_full_d1_s3,/Users/nyx.wang/workspace/bosch/code/runs_stageB_iedf_ablation/tf_lr0p001_wd0p0001_do0p1_dm256_L2_hb0p1_ts123_ae7_t_full_d1_s3/best.pth,d1,200,0.001,0.0001,30,256,2,0.1,val_r2,huber,0.1
tf_lr0p001_wd0p0001_do0p1_dm256_L2_hb0p1_ts123_ae7_t_full_w_s3,lr0p001_wd0p0001_do0p1_dm256_L2_hb0p1_ts123,transformer,ae7,time,full,3,123,val_r2,0.9480622016010929,34,0.9480622016010929,0.9480622016010929,0.10381531715393066,0.20898455381393433,31.03083372116089,0.8249425974807043,0.8186877630860412,0.060014251867930093,/Users/nyx.wang/workspace/bosch/code/runs_stageB_iedf_ablation/tf_lr0p001_wd0p0001_do0p1_dm256_L2_hb0p1_ts123_ae7_t_full_w_s3,/Users/nyx.wang/workspace/bosch/code/runs_stageB_iedf_ablation/tf_lr0p001_wd0p0001_do0p1_dm256_L2_hb0p1_ts123_ae7_t_full_w_s3/best.pth,w,200,0.001,0.0001,30,256,2,0.1,val_r2,huber,0.1
tf_lr0p001_wd0p0001_do0p1_dm256_L2_hb0p1_ts7_ae7_t_full_zmin_s3,lr0p001_wd0p0001_do0p1_dm256_L2_hb0p1_ts7,transformer,ae7,time,full,3,7,val_r2,0.9911382526089932,51,0.9911382526089932,0.9911382526089932,0.02078835479915142,0.04799102991819382,65.846286714077,0.9567130841867556,0.917986712604506,0.07443365255991617,/Users/nyx.wang/workspace/bosch/code/runs_stageB_iedf_ablation/tf_lr0p001_wd0p0001_do0p1_dm256_L2_hb0p1_ts7_ae7_t_full_zmin_s3,/Users/nyx.wang/workspace/bosch/code/runs_stageB_iedf_ablation/tf_lr0p001_wd0p0001_do0p1_dm256_L2_hb0p1_ts7_ae7_t_full_zmin_s3/best.pth,zmin,200,0.001,0.0001,30,256,2,0.1,val_r2,huber,0.1
tf_lr0p001_wd0p0001_do0p1_dm256_L2_hb0p1_ts7_ae7_t_full_h0_s3,lr0p001_wd0p0001_do0p1_dm256_L2_hb0p1_ts7,transformer,ae7,time,full,3,7,val_r2,0.9592172691621688,71,0.9592172691621688,0.9592172691621688,0.08054658770561218,0.1754060983657837,18.55677179992199,0.8714400920042372,0.8596553114361709,0.09096105098724365,/Users/nyx.wang/workspace/bosch/code/runs_stageB_iedf_ablation/tf_lr0p001_wd0p0001_do0p1_dm256_L2_hb0p1_ts7_ae7_t_full_h0_s3,/Users/nyx.wang/workspace/bosch/code/runs_stageB_iedf_ablation/tf_lr0p001_wd0p0001_do0p1_dm256_L2_hb0p1_ts7_ae7_t_full_h0_s3/best.pth,h0,200,0.001,0.0001,30,256,2,0.1,val_r2,huber,0.1
tf_lr0p001_wd0p0001_do0p1_dm256_L2_hb0p1_ts7_ae7_t_full_h1_s3,lr0p001_wd0p0001_do0p1_dm256_L2_hb0p1_ts7,transformer,ae7,time,full,3,7,val_r2,0.8867007335637787,94,0.8867007335637787,0.8867007335637787,0.10292116552591324,0.17749366164207458,17.617665231227875,0.8638803349680826,0.8601652305440001,0.11051440238952637,/Users/nyx.wang/workspace/bosch/code/runs_stageB_iedf_ablation/tf_lr0p001_wd0p0001_do0p1_dm256_L2_hb0p1_ts7_ae7_t_full_h1_s3,/Users/nyx.wang/workspace/bosch/code/runs_stageB_iedf_ablation/tf_lr0p001_wd0p0001_do0p1_dm256_L2_hb0p1_ts7_ae7_t_full_h1_s3/best.pth,h1,200,0.001,0.0001,30,256,2,0.1,val_r2,huber,0.1
tf_lr0p001_wd0p0001_do0p1_dm256_L2_hb0p1_ts7_ae7_t_full_d0_s3,lr0p001_wd0p0001_do0p1_dm256_L2_hb0p1_ts7,transformer,ae7,time,full,3,7,val_r2,0.9751366244642765,62,0.9751366244642765,0.9751366244642765,0.05124691501259804,0.15121065080165863,10.353283025324345,0.8588309629313187,0.8203239244498123,0.08150818347930908,/Users/nyx.wang/workspace/bosch/code/runs_stageB_iedf_ablation/tf_lr0p001_wd0p0001_do0p1_dm256_L2_hb0p1_ts7_ae7_t_full_d0_s3,/Users/nyx.wang/workspace/bosch/code/runs_stageB_iedf_ablation/tf_lr0p001_wd0p0001_do0p1_dm256_L2_hb0p1_ts7_ae7_t_full_d0_s3/best.pth,d0,200,0.001,0.0001,30,256,2,0.1,val_r2,huber,0.1
tf_lr0p001_wd0p0001_do0p1_dm256_L2_hb0p1_ts7_ae7_t_full_d1_s3,lr0p001_wd0p0001_do0p1_dm256_L2_hb0p1_ts7,transformer,ae7,time,full,3,7,val_r2,0.9191708777441207,42,0.9191708777441207,0.9191708777441207,0.07866497337818146,0.19676896929740906,12.201112695038319,0.8211851020948173,0.7818944138041668,0.06572375297546387,/Users/nyx.wang/workspace/bosch/code/runs_stageB_iedf_ablation/tf_lr0p001_wd0p0001_do0p1_dm256_L2_hb0p1_ts7_ae7_t_full_d1_s3,/Users/nyx.wang/workspace/bosch/code/runs_stageB_iedf_ablation/tf_lr0p001_wd0p0001_do0p1_dm256_L2_hb0p1_ts7_ae7_t_full_d1_s3/best.pth,d1,200,0.001,0.0001,30,256,2,0.1,val_r2,huber,0.1
tf_lr0p001_wd0p0001_do0p1_dm256_L2_hb0p1_ts7_ae7_t_full_w_s3,lr0p001_wd0p0001_do0p1_dm256_L2_hb0p1_ts7,transformer,ae7,time,full,3,7,val_r2,0.9346069051420436,110,0.9346069051420436,0.9346069051420436,0.10434258729219437,0.18989194929599762,29.06644158065319,0.8409356476995556,0.8350313594960206,0.12206758658091227,/Users/nyx.wang/workspace/bosch/code/runs_stageB_iedf_ablation/tf_lr0p001_wd0p0001_do0p1_dm256_L2_hb0p1_ts7_ae7_t_full_w_s3,/Users/nyx.wang/workspace/bosch/code/runs_stageB_iedf_ablation/tf_lr0p001_wd0p0001_do0p1_dm256_L2_hb0p1_ts7_ae7_t_full_w_s3/best.pth,w,200,0.001,0.0001,30,256,2,0.1,val_r2,huber,0.1
